,ts_code,ann_date,f_ann_date,end_date,comp_type,report_type,net_profit,finan_exp,c_fr_sale_sg,recp_tax_rends,n_depos_incr_fi,n_incr_loans_cb,n_inc_borr_oth_fi,prem_fr_orig_contr,n_incr_insured_dep,n_reinsur_prem,n_incr_disp_tfa,ifc_cash_incr,n_incr_disp_faas,n_incr_loans_oth_bank,n_cap_incr_repur,c_fr_oth_operate_a,c_inf_fr_operate_a,c_paid_goods_s,c_paid_to_for_empl,c_paid_for_taxes,n_incr_clt_loan_adv,n_incr_dep_cbob,c_pay_claims_orig_inco,pay_handling_chrg,pay_comm_insur_plcy,oth_cash_pay_oper_act,st_cash_out_act,n_cashflow_act,oth_recp_ral_inv_act,c_disp_withdrwl_invest,c_recp_return_invest,n_recp_disp_fiolta,n_recp_disp_sobu,stot_inflows_inv_act,c_pay_acq_const_fiolta,c_paid_invest,n_disp_subs_oth_biz,oth_pay_ral_inv_act,n_incr_pledge_loan,stot_out_inv_act,n_cashflow_inv_act,c_recp_borrow,proc_issue_bonds,oth_cash_recp_ral_fnc_act,stot_cash_in_fnc_act,free_cashflow,c_prepay_amt_borr,c_pay_dist_dpcp_int_exp,incl_dvd_profit_paid_sc_ms,oth_cashpay_ral_fnc_act,stot_cashout_fnc_act,n_cash_flows_fnc_act,eff_fx_flu_cash,n_incr_cash_cash_equ,c_cash_equ_beg_period,c_cash_equ_end_period,c_recp_cap_contrib,incl_cash_rec_saims,uncon_invest_loss,prov_depr_assets,depr_fa_coga_dpba,amort_intang_assets,lt_amort_deferred_exp,decr_deferred_exp,incr_acc_exp,loss_disp_fiolta,loss_scr_fa,loss_fv_chg,invest_loss,decr_def_inc_tax_assets,incr_def_inc_tax_liab,decr_inventories,decr_oper_payable,incr_oper_payable,others,im_net_cashflow_oper_act,conv_debt_into_cap,conv_copbonds_due_within_1y,fa_fnc_leases,end_bal_cash,beg_bal_cash,end_bal_cash_equ,beg_bal_cash_equ,im_n_incr_cash_equ
0,600071.SH,20190420,20190420,20190331,1,1,,,189681424.73,3818492.79,,,,,,,,,,,,1113232.48,194613150.0,107014686.66,60131130.04,3689116.47,,,,,,5708723.79,176543656.96,18069493.04,,,,483960.0,,483960.0,18180027.63,,,,,18180027.63,-17696067.63,,,,,,10000000.0,1409511.11,,,11409511.11,-11409511.11,-335479.75,-11371565.45,120348256.64,108976691.19,,,,,,,,,,,,,,,,,,,,,,,,,,,,
1,600071.SH,20190420,20190420,20181231,1,1,-8827216.66,3676077.16,610673755.81,5047357.5,,,,,,,,,,,,15350086.48,631071199.79,387580148.21,216930482.25,32991903.03,,,,,,19117793.06,656620326.55,-25549126.76,6566162.42,,,9244660.65,,15810823.07,71155291.39,,,,,71155291.39,-55344468.32,120000000.0,,,129319377.76,,70000000.0,3606236.55,,4111563.11,77717799.66,51601578.1,247850.28,-29044166.7,149392423.34,120348256.64,9319377.76,9319377.76,,13785689.97,41029609.54,897218.01,1386306.62,,,-4306939.63,-4277855.07,,-1733447.84,-1309989.05,,1007918.9,-54134779.31,-12741719.4,,-25549126.76,,,,120348256.64,149392423.34,,,-29044166.7
2,600071.SH,20190420,20190420,20181231,1,1,-8827216.66,3676077.16,610673755.81,5047357.5,,,,,,,,,,,,15350086.48,631071199.79,387580148.21,216930482.25,32991903.03,,,,,,19117793.06,656620326.55,-25549126.76,6566162.42,,,9244660.65,,15810823.07,71155291.39,,,,,71155291.39,-55344468.32,120000000.0,,,129319377.76,-96251660.68,70000000.0,3606236.55,,4111563.11,77717799.66,51601578.1,247850.28,-29044166.7,149392423.34,120348256.64,9319377.76,9319377.76,,13785689.97,41029609.54,897218.01,1386306.62,,,-4306939.63,-4277855.07,,-1733447.84,-1309989.05,,1007918.9,-54134779.31,-12741719.4,,-25549126.76,,,,120348256.64,149392423.34,,,-29044166.7
3,600071.SH,20181031,20181031,20180930,1,1,,,458773676.18,3614432.59,,,,,,,,,,,,11420859.76,473808968.53,282247077.72,164852841.25,23606159.7,,,,,,20198251.74,490904330.41,-17095361.88,,,,9224660.65,,9224660.65,53413955.06,,,,,53413955.06,-44189294.41,90000000.0,,,99319377.76,-69046102.4387,70000000.0,6610414.33,4080000.0,,76610414.33,22708963.43,329348.43,-38246344.43,149392423.34,111146078.91,9319377.76,9319377.76,,,,,,,,,,,,,,,,,,,,,,,,,,
4,600071.SH,20180828,20180828,20180630,1,1,183978.39,1533016.05,302661502.85,3533866.15,,,,,,,,,,,,6932175.4,313127544.4,173987033.04,114121731.02,18889717.0,,,,,,11083222.6,318081703.66,-4954159.26,,,,9224660.65,,9224660.65,27398710.89,,,,,27398710.89,-18174050.24,40000000.0,,,40000000.0,-41299960.3485,20000000.0,5614936.55,4080000.0,,25614936.55,14385063.45,-321484.46,-9064630.51,149392423.34,140327792.83,,,,1411063.12,19153297.19,574477.53,605236.52,,,-4012114.71,,,108847.58,,,-46393121.07,25823717.02,-3942556.88,,-4954159.26,,,,140327792.83,149392423.34,,,-9064630.51
5,600071.SH,20180427,20180427,20180331,1,1,,,153255972.17,3474392.93,,,,,,,,,,,,9512235.89,166242600.99,86910124.68,65941172.19,11107461.74,,,,,,5055369.26,169014127.87,-2771526.88,,,,9223660.65,,9223660.65,8948789.51,,,,,8948789.51,274871.14,10000000.0,,,10000000.0,-19001381.5457,10000000.0,815488.27,,,10815488.27,-815488.27,-679871.0,-3992015.01,149392423.34,145400408.33,,,,,,,,,,,,,,,,,,,,,,,,,,,,
6,600071.SH,20180308,20180308,20171231,1,1,33267566.41,5749278.17,625003552.94,760404.96,,,,,,,,,,,,21664620.05,647428577.95,339544068.74,242627945.33,40333370.02,,,,,,65322110.45,687827494.54,-40398916.59,,117505214.0,,14460554.86,,131965768.86,19988869.2,,,,,19988869.2,111976899.66,105000000.0,,,105000000.0,-32494990.8951,135000000.0,5749278.17,,40957696.29,181706974.46,-76706974.46,-566362.26,-5695353.65,155087776.99,149392423.34,,,,18439579.75,35514571.0,1479310.28,990771.54,,,-11187594.76,,,-77072277.45,-497006.03,,-13745726.71,-38682657.16,5345268.37,,-40398916.59,,,,149392423.34,155087776.99,,,-5695353.65
7,600071.SH,20171024,20171024,20170930,1,1,,,465288010.52,760404.96,,,,,,,,,,,,15123060.54,481171476.02,254100093.43,192148692.87,36785207.79,,,,,,38174636.48,521208630.57,-40037154.55,,10152714.0,,7081879.24,,17234593.24,11915133.51,,,,,11915133.51,5319459.73,60000000.0,,,60000000.0,-41650331.89,41000000.0,4524676.0,,40953179.8,86477855.8,-26477855.8,-529261.6,-61724812.22,155087776.99,93362964.77,,,,,,,,,,,,,,,,,,,,,,,,,,,,
8,600071.SH,20170811,20170811,20170630,1,1,-18915831.84,2784816.24,309202479.34,641404.96,,,,,,,,,,,,11111801.61,320955685.91,170205935.66,140829213.55,23470701.04,,,,,,25719166.23,360225016.48,-39269330.57,,9152714.0,,6802146.83,,15954860.83,7462518.6,,,,,7462518.6,8492342.23,55000000.0,,,55000000.0,40929489.8562,36000000.0,3186566.67,,40953179.8,80139746.47,-25139746.47,-39697.39,-55956432.2,155087776.99,99131344.79,,,,1609479.23,15097873.17,905577.41,679046.48,,,-5045835.98,,,730102.81,,,6215292.31,17330721.77,-60660572.17,,-39269330.57,,,,99131344.79,155087776.99,,,-55956432.2
9,600071.SH,20170429,20170429,20170331,1,1,,,164028564.16,398364.01,,,,,,,,,,,,2693729.98,167120658.15,86740945.28,66630647.19,12932192.3,,,,,,10160272.73,176464057.5,-9343399.35,,,,35214.0,,35214.0,4801242.37,,,,,4801242.37,-4766028.37,45000000.0,,,45000000.0,-17347783.0437,20000000.0,1265691.09,,,21265691.09,23734308.91,29492.35,9654373.54,155087776.99,164742150.53,,,,,,,,,,,,,,,,,,,,,,,,,,,,
10,600071.SH,20170310,20170310,20161231,1,1,-125163438.57,3001536.19,565398776.27,946543.68,,,,,,,,,,,,3623576.88,569968896.83,262114742.17,245260352.11,40722272.33,,,,,,46712140.23,594809506.84,-24840610.01,,9942625.0,,6156704.12,,16099329.12,39781561.54,11746800.0,,,,51528361.54,-35429032.42,150000000.0,,7200000.0,157200000.0,232717.8433,140000000.0,4035059.12,,29967400.0,174002459.12,-16802459.12,1114345.27,-75957756.28,231045533.27,155087776.99,,,,25136864.77,45423273.7,3023013.04,1346620.91,,,-751035.33,,,38100.0,1048239.0,,21453632.5,-30258856.01,30861439.79,,-24840610.01,,,,155087776.99,231045533.27,,,-75957756.28
11,600071.SH,20161031,20161031,20160930,1,1,,,446927961.32,829058.64,,,,,,,,,,,,17813277.84,465570297.8,258138483.08,158279150.68,36934806.46,,,,,,47712105.5,501064545.72,-35494247.92,10470.03,,,11797185.0,,11807655.03,28706041.59,29967400.0,,,,58673441.59,-46865786.56,110000000.0,,,110000000.0,-28085982.0871,110000000.0,2922958.33,,24717.49,112947675.82,-2947675.82,773308.89,-84534401.41,231045533.27,146511131.86,,,,,,,,,,,,,,,,,,,,,,,,,,,,
12,600071.SH,20160831,20160831,20160630,1,1,-33691698.45,1930916.68,298853587.54,829058.64,,,,,,,,,,,,12801520.88,312484167.06,172511283.93,102080778.52,30012704.0,,,,,,36967069.14,341571835.59,-29087668.53,,,,25000.0,,25000.0,20383398.69,27150000.0,,,,47533398.69,-47508398.69,80000000.0,,,80000000.0,3481916.8674,90000000.0,1953875.0,,,91953875.0,-11953875.0,661021.24,-87888920.98,231045533.27,143156612.29,,,,6646992.44,19450029.31,1508039.78,784233.94,,,164877.37,,,,386521.92,,-22098283.1,51373267.25,-55542565.67,,-29087668.53,,,,143156612.29,231045533.27,,,-87888920.98
13,600071.SH,20160430,20160430,20160331,1,1,,,160509978.39,347428.59,,,,,,,,,,,,7155982.68,168013389.66,91074644.62,60445051.73,8181682.55,,,,,,13783295.99,173484674.89,-5471285.23,,,,,,0.0,7512704.6,25950000.0,,,,33462704.6,-33462704.6,70000000.0,,,70000000.0,-6236678.3609,70000000.0,1076625.0,,,71076625.0,-1076625.0,-784457.1,-40795071.93,231045533.27,190250461.34,,,,,,,,,,,,,,,,,,,,,,,,,,,,
14,600071.SH,20160229,20160229,20151231,1,1,19866670.1,2861947.97,707296929.94,10998197.98,,,,,,,,,,,,71854080.99,790149208.91,463889231.84,240958428.89,42902107.82,,,,,,35116301.72,782866070.27,7283138.64,,,4500836.95,11992411.71,90942921.9,107436170.56,75083126.02,,,,,75083126.02,32353044.54,150000000.0,,,150000000.0,-38335182.6079,84500000.0,6644955.53,,7200000.0,98344955.53,51655044.47,3867799.21,95159026.86,135886506.41,231045533.27,,,,27190029.18,50163925.89,3177944.41,1390452.56,,,-662912.64,,,-94156102.41,-2287890.34,,-13089141.23,-42777920.07,55606135.22,,7283138.64,,,,231045533.27,135886506.41,,,95159026.86
15,600071.SH,20151029,20151029,20150930,1,1,,,486292827.65,6810492.45,,,,,,,,,,,,64781410.1,557884730.2,357057521.71,165866967.97,37934105.85,,,,,,31576368.27,592434963.8,-34550233.6,,,4500836.95,8195193.13,,12696030.08,64151531.81,,,,,64151531.81,-51455501.73,150000000.0,,,150000000.0,-172470727.31,54500000.0,5143427.76,,,59643427.76,90356572.24,3191934.0,7542770.91,135886506.41,143429277.32,,,,,,,,,,,,,,,,,,,,,,,,,,,,
16,600071.SH,20151029,20151029,20150930,1,1,,,486292827.65,6810492.45,,,,,,,,,,,,64781410.1,557884730.2,357057521.71,165866967.97,37934105.85,,,,,,31576368.27,592434963.8,-34550233.6,,,4500836.95,8195193.13,,12696030.08,64151531.81,,,,,64151531.81,-51455501.73,150000000.0,,,150000000.0,-57511126.7447,54500000.0,5143427.76,,,59643427.76,90356572.24,3191934.0,7542770.91,135886506.41,143429277.32,,,,,,,,,,,,,,,,,,,,,,,,,,,,
17,600071.SH,20150730,20150730,20150630,1,1,-11800267.85,3329344.46,322377045.45,4820110.34,,,,,,,,,,,,60963019.34,388160175.13,249020031.12,106549061.22,26323619.09,,,,,,18153650.77,400046362.2,-11886187.07,,,4500836.95,7149873.13,,11650710.08,57024911.76,,,,,57024911.76,-45374201.68,150000000.0,,,150000000.0,-21717200.2519,23000000.0,3179899.99,,,26179899.99,123820100.01,1934623.84,68494335.1,135886506.41,204380841.51,,,,-1936138.39,22070490.29,1586143.47,1101833.24,,,-372913.81,,,-4500836.95,,,-27511936.49,-31336094.31,37484189.27,,-11886187.07,,,,204380841.51,135886506.41,,,68494335.1
18,600071.SH,20150430,20150430,20150331,1,1,,,155268276.37,3983837.45,,,,,,,,,,,,18148086.94,177400200.76,105004165.19,59416969.76,8102739.43,,,,,,7070689.11,179594563.49,-2194362.73,,,,483393.0,,483393.0,35051235.09,,,,,35051235.09,-34567842.09,100000000.0,,,100000000.0,-38287157.0747,21500000.0,1266649.99,,,22766649.99,77233350.01,854627.07,41325772.26,135886506.41,177212278.67,,,,,,,,,,,,,,,,,,,,,,,,,,,,
19,600071.SH,20150430,20150430,20150331,1,1,,,155268276.37,3983837.45,,,,,,,,,,,,18148086.94,177400200.76,105004165.19,59416969.76,8102739.43,,,,,,7070689.11,179594563.49,-2194362.73,,,,483393.0,,483393.0,35051235.09,,,,,35051235.09,-34567842.09,100000000.0,,,100000000.0,-83020636.44,21500000.0,1266649.99,,,22766649.99,77233350.01,854627.07,41325772.26,135886506.41,177212278.67,,,,,,,,,,,,,,,,,,,,,,,,,,,,
20,600071.SH,20150430,20150430,20141231,1,1,-158178489.53,2421533.35,827695212.79,3986715.6,,,,,,,,,,,,14768735.89,846450664.28,555930070.81,259959582.04,24040411.54,,,,,,54854436.19,894784500.58,-48333836.3,24276122.81,,4584178.5,1491332.11,,30351633.42,69108209.2,,,,,69108209.2,-38756575.78,20000000.0,,,20000000.0,-64022448.604,6000000.0,2386700.01,,,8386700.01,11613299.99,121895.11,-75355216.98,211241723.39,135886506.41,,,,80175657.56,58462570.56,3260889.76,3398957.24,,,18595188.19,,,-5849659.07,-862051.83,,-19896144.51,-271940097.88,242077809.86,,-48333836.3,,,,135886506.41,211241723.39,,,-75355216.98
21,600071.SH,20141031,20141031,20140930,1,1,,,547125452.73,3650730.21,,,,,,,,,,,,7112996.58,557889179.52,364140295.6,191401302.56,24003615.67,,,,,,44983395.93,624528609.76,-66639430.24,38870565.58,,4584178.5,387554.05,,43842298.13,42610132.94,15000000.0,,,,57610132.94,-13767834.81,20000000.0,,,20000000.0,-42316131.7328,4500000.0,1734800.0,,,6234800.0,13765200.0,96570.16,-66545494.89,211241723.39,144696228.5,,,,,,,,,,,,,,,,,,,,,,,,,,,,
22,600071.SH,20141031,20141031,20140930,1,1,,,547125452.73,3650730.21,,,,,,,,,,,,7112996.58,557889179.52,364140295.6,191401302.56,24003615.67,,,,,,44983395.93,624528609.76,-66639430.24,38870565.58,,4584178.5,387554.05,,43842298.13,42610132.94,15000000.0,,,,57610132.94,-13767834.81,20000000.0,,,20000000.0,-84875786.15,4500000.0,1734800.0,,,6234800.0,13765200.0,96570.16,-66545494.89,211241723.39,144696228.5,,,,,,,,,,,,,,,,,,,,,,,,,,,,
23,600071.SH,20140730,20140730,20140630,1,1,-25379125.78,858887.88,363060232.49,2825060.84,,,,,,,,,,,,4970819.36,370856112.69,240423276.48,121637482.79,17316308.94,,,,,,37525197.11,416902265.32,-46046152.63,38870565.58,,83341.55,324291.73,,39278198.86,32452124.25,15000000.0,,,,47452124.25,-8173925.39,20000000.0,,,20000000.0,-28546234.54,3000000.0,1051200.0,,,4051200.0,15948800.0,465306.69,-37805971.33,211241723.39,173435752.06,,,,3938538.26,29021081.39,1513803.31,1767511.32,,,222456.59,,,-4584178.5,-1116826.69,,-76268978.54,-78886697.25,109543571.9,-6676196.52,-46046152.63,,,,173435752.06,211241723.39,,,-37805971.33
24,600071.SH,20140430,20140430,20140331,1,1,,,195476594.46,670244.97,,,,,,,,,,,,2353805.58,198500645.01,133145111.42,63259154.82,6992440.3,,,,,,6978233.67,210374940.21,-11874295.2,38870565.58,,,15103.85,,38885669.43,24724429.99,14000000.0,,,,38724429.99,161239.44,,,,,-26831403.1532,1500000.0,431733.33,,,1931733.33,-1931733.33,170121.83,-13474667.26,211241723.39,197767056.13,,,,,,,,,,,,,,,,,,,,,,,,,,,,
25,600071.SH,20140430,20140430,20140331,1,1,,,195476594.46,670244.97,,,,,,,,,,,,2353805.58,198500645.01,133145111.42,63259154.82,6992440.3,,,,,,6978233.67,210374940.21,-11874295.2,38870565.58,,,15103.85,,38885669.43,24724429.99,14000000.0,,,,38724429.99,161239.44,,,,,-30609283.19,1500000.0,431733.33,,,1931733.33,-1931733.33,170121.83,-13474667.26,211241723.39,197767056.13,,,,,,,,,,,,,,,,,,,,,,,,,,,,
26,600071.SH,20140425,20140425,20131231,1,1,-41933129.46,4078605.33,681711190.24,11738598.03,,,,,,,,,,,,13807349.07,707257137.34,401336389.09,237842326.79,24858824.25,,,,,,31080175.75,695117715.88,12139421.46,,,6736035.02,694332.69,,7430367.71,63533497.21,27778000.0,,,,91311497.21,-83881129.5,49434550.0,,,49434550.0,-59797781.83,67434550.0,4044316.24,2144800.0,,71478866.24,-22044316.24,-2179089.09,-95965113.37,307206836.76,211241723.39,,,,-5379094.52,52240496.71,901104.04,185740.63,,,127004.89,2031896.77,,-3685148.94,-282990.68,,11204896.69,3175968.05,-9971119.53,-554808.52,12139421.46,,,,211241723.39,307206836.76,,,-95965113.37
27,600071.SH,20131031,20131031,20130930,1,1,,,479343402.56,19563228.99,,,,,,,,,,,,11068101.08,509974732.63,314722632.72,156912635.45,21029640.12,,,,,,28544833.35,521209741.64,-11235009.01,,,6736035.02,257806.23,,6993841.25,44635634.78,,,,,44635634.78,-37641793.53,49434550.0,,,49434550.0,-70495022.294,65934550.0,3583516.24,,,69518066.24,-20083516.24,-1344453.61,-70304772.39,307206836.76,236902064.37,,,,,,,,,,,,,,,,,,,,,,,,,,,,
28,600071.SH,20130823,20130823,20130630,1,1,-20223329.59,989382.9,309577561.37,15371398.69,,,,,,,,,,,,6750061.89,331699021.95,214095691.96,109112052.78,15445900.42,,,,,,19609097.5,358262742.66,-26563720.71,,,6736035.02,,,6736035.02,27385591.3,,,,,27385591.3,-20649556.28,36684550.0,,,36684550.0,-60476487.02,64434550.0,3134182.9,,,67568732.9,-30884182.9,-1094507.06,-79191966.95,307206836.76,228014869.81,,,,-481157.15,26120525.48,321935.84,60074.01,,,141836.91,,,-6736035.02,209899.8,,5625485.43,6047656.57,-38669208.17,29212.28,-26563720.71,,,,228014869.81,307206836.76,,,-79191966.95
29,600071.SH,20130425,20130425,20130331,1,1,,,165444972.78,5369748.72,,,,,,,,,,,,3219392.8,174034114.3,118566059.31,60281129.28,8728287.39,,,,,,8884318.04,196459794.02,-22425679.72,,,,,,,12931107.01,,,,,12931107.01,-12931107.01,19434550.0,,,19434550.0,-14599201.08,19434550.0,823973.88,,,20258523.88,-823973.88,-594832.31,-36775592.92,307206836.76,270431243.84,,,,,,,,,,,,,,,,,,,,,,,,,,,,
30,600071.SH,20130425,20130425,20130331,1,1,,,165444972.78,5369748.72,,,,,,,,,,,,3219392.8,174034114.3,118566059.31,60281129.28,8728287.39,,,,,,8884318.04,196459794.02,-22425679.72,,,,,,,12931107.01,,,,,12931107.01,-12931107.01,19434550.0,,,19434550.0,-16725683.86,19434550.0,823973.88,,,20258523.88,-823973.88,-594832.31,-36775592.92,307206836.76,270431243.84,,,,,,,,,,,,,,,,,,,,,,,,,,,,
31,600071.SH,20130403,20130403,20121231,1,1,-494066.96,3450228.08,1400999110.67,46955576.18,,,,,,,,,,,,25358522.19,1473313209.04,1000870219.78,305733856.45,33714301.43,,,,,,43778023.94,1384096401.6,89216807.44,,,122700.32,22827.12,9817803.12,9963330.56,59741654.41,,,,,59741654.41,-49778323.85,30000000.0,,8935758.19,44815758.19,37874079.433,32826425.35,22794485.94,19254076.2,,55620911.29,-10805153.1,90181.66,28723512.15,278483324.61,307206836.76,5880000.0,5880000.0,,-4060027.18,53178340.08,944523.79,124129.73,,,25391.85,339987.1,,-4468011.55,1569577.19,,57180710.47,91759289.27,-106486364.68,-3846899.75,89216807.44,,,,307206836.76,278483324.61,,,28723512.15
32,600071.SH,20121031,20121031,20120930,1,1,,,1091732484.94,38683031.48,,,,,,,,,,,,16759789.43,1147175305.85,804953296.3,223336124.58,27761535.47,,,,,,19839672.96,1075890629.31,71284676.54,,,122700.32,4720.0,,127420.32,45736917.92,,,,,45736917.92,-45609497.6,20000000.0,,,25880000.0,5552741.9164,23027144.33,22060142.71,,,45087287.04,-19207287.04,981961.09,7449852.99,278483324.61,285933177.6,5880000.0,,,,,,,,,,,,,,,,,,,,,,,,,,,
33,600071.SH,20120825,20120825,20120630,1,1,-145379.8,1677904.12,704258243.91,28743273.34,,,,,,,,,,,,10933217.25,743934734.5,527038676.33,157239453.38,19532296.85,,,,,,20199140.91,724009567.47,19925167.03,,,122700.32,2950.0,,125650.32,20551181.12,,,,,20551181.12,-20425530.8,20000000.0,,,25880000.0,448015.4383,15000000.0,9872278.2,,,24872278.2,1007721.8,835932.29,1343290.32,278483324.61,279826614.93,5880000.0,,,255534.13,27088617.42,257434.0,264446.14,,,-114072.35,,,-292252.77,-2562.63,,14807547.07,-435175.38,-23828065.74,391192.82,19925167.03,,,,279826614.93,278483324.61,,,1343290.32
34,600071.SH,20120425,20120425,20120331,1,1,,,338932022.74,14954086.22,,,,,,,,,,,,2426261.19,356312370.15,278550170.41,87931609.26,10893953.19,,,,,,10708088.08,388083820.94,-31771450.79,,,,,,,9865975.32,,,,,9865975.32,-9865975.32,10000000.0,,,15880000.0,-16123885.3479,,1219698.45,,,1219698.45,14660301.55,34596.96,-26942527.6,278483324.61,251540797.01,5880000.0,,,,,,,,,,,,,,,,,,,,,,,,,,,
35,600071.SH,20120425,20120425,20120331,1,1,,,338932022.74,14954086.22,,,,,,,,,,,,2426261.19,356312370.15,278550170.41,87931609.26,10893953.19,,,,,,10708088.08,388083820.94,-31771450.79,,,,,,,9865975.32,,,,,9865975.32,-9865975.32,10000000.0,,,15880000.0,-47334328.2,,1219698.45,,,1219698.45,14660301.55,34596.96,-26942527.6,278483324.61,251540797.01,5880000.0,,,,,,,,,,,,,,,,,,,,,,,,,,,
36,600071.SH,20120329,20120329,20111231,1,1,14563060.31,3571848.88,1376905826.28,49525693.96,,,,,,,,,,,,25542716.05,1451974236.29,1041485633.54,307551284.05,31718049.22,,,,,,50009982.3,1430764949.11,21209287.18,,,187111.18,352229.58,,539340.76,57332536.7,3154000.0,,650000.0,,61136536.7,-60597195.94,56268429.35,,,57248429.35,-38245420.6039,58442004.0,7229350.33,4569500.0,8935758.19,74607112.52,-17358683.17,-911998.55,-57658590.48,336141915.09,278483324.61,980000.0,980000.0,,1766209.54,54459431.65,984937.74,187519.33,,,349155.39,,,774199.9,-146305.84,,-47735984.18,-34198969.12,25454448.96,1179734.62,21209287.18,,,,278483324.61,336141915.09,,,-57658590.48
37,600071.SH,20111031,20111031,20110930,1,1,,,961752751.39,39560369.62,,,,,,,,,,,,11500819.24,1012813940.25,772479231.34,214420029.69,27076779.24,,,,,,45820303.25,1059796343.52,-46982403.27,5732.88,,187111.18,297933.09,440.0,491217.15,32077296.16,3095.0,,789254.29,,32869645.45,-32378428.3,56308233.85,,,57288233.85,-74320183.1742,50000000.0,6158151.94,,,56158151.94,1130081.91,-1212310.72,-79443060.38,336141915.09,256698854.71,980000.0,,,,,,,,,,,,,,,,,,,,,,,,,,,
38,600071.SH,20110819,20110819,20110630,1,1,5840776.74,846941.94,617619440.17,20330653.37,,,,,,,,,,,,5233047.36,643183140.9,490885455.58,146757425.42,20529346.09,,,,,,31515365.32,689687592.41,-46504451.51,,,,14132.64,,14132.64,27846173.34,,,789254.29,,28635427.63,-28621294.99,48481808.51,,,49461808.51,-37459164.9158,50000000.0,5416441.94,,,55416441.94,-5954633.43,-1041064.59,-82121444.52,336141915.09,254020470.57,980000.0,,,1735015.38,27651133.66,553649.12,170000.95,,,137518.99,,,,280758.92,,-33320287.96,-39337820.96,-11062138.29,,-46504451.51,,,,254020470.57,336141915.09,,,-82121444.52
39,600071.SH,20110429,20110429,20110331,1,1,,,277789869.86,6079649.94,,,,,,,,,,,,1902148.99,285771668.79,244291731.92,77415373.51,14153129.06,,,,,,18035121.76,353895356.25,-68123687.46,,,,14132.64,,14132.64,19363999.42,,,789254.29,,20153253.71,-20139121.07,,,,,-13727245.2962,20000000.0,-3813567.88,,422145.0,16608577.12,-16608577.12,-563902.4,-105435288.05,336141915.09,230706627.04,,,,,,,,,,,,,,,,,,,,,,,,,,,,
40,600071.SH,20110331,20110331,20101231,1,1,80665448.16,5472391.89,1387825060.61,48968134.26,,,,,,,,,,,,25601050.61,1462394245.48,947294491.87,284603756.92,41616138.88,,,,,,43181145.57,1316695533.24,145698712.24,,,3243197.46,1542268.07,,4785465.53,34070013.03,,,,,34070013.03,-29284547.5,50000000.0,,,61651321.33,42262243.7532,149000000.0,72958362.87,45180326.91,8646.34,221967009.21,-160315687.88,-1441601.53,-45343124.67,381485039.76,336141915.09,11651321.33,,,-2246558.02,58843537.41,686483.96,395291.1,,,-184438.26,36682.46,,-2967567.41,-970015.01,,-35316108.41,-1615176.09,40225723.57,2673016.89,145698712.24,,,,336141915.09,381485039.76,,,-45343124.67
41,600071.SH,20101029,20101029,20100930,1,1,,,934332477.09,30401845.61,,,,,,,,,,,,10481277.8,975215600.5,657718452.66,202363145.18,34159267.8,,,,,,26406573.78,920647439.42,54568161.08,,,3243197.46,3719578.38,,6962775.84,32362556.57,,,,,32362556.57,-25399780.73,50000000.0,,,58511321.33,-6630630.5956,149000000.0,74408223.23,,,223408223.23,-164896901.9,-751061.81,-136479583.36,381485039.76,245005456.4,8511321.33,,,,,,,,,,,,,,,,,,,,,,,,,,,
42,600071.SH,20100820,20100820,20100630,1,1,40992922.83,2798252.61,552800549.86,18697792.58,,,,,,,,,,,,8747308.92,580245651.36,383257007.26,130256564.02,24656082.69,,,,,,16807160.14,554976814.11,25268837.25,,,3243197.46,252590.0,,3495787.46,8996319.44,,,,,8996319.44,-5500531.98,20000000.0,,,26551321.33,46168158.0062,134000000.0,73779651.98,,,207779651.98,-181228330.65,-161022.28,-161621047.66,381485039.76,219863992.1,6551321.33,,,2535951.72,28775845.11,427843.12,137273.1,,,290398.7,,,-3243197.46,-793693.16,,-48895512.13,-32357163.83,34599916.64,,25268837.25,,,,219863992.1,381485039.76,,,-161621047.66
43,600071.SH,20100430,20100430,20100331,1,1,,,261172914.47,5275498.42,,,,,,,,,,,,4282063.09,270730475.98,179984142.63,65359955.95,9744441.94,,,,,,7628618.01,262717158.53,8013317.45,,,,,,,1810458.93,,,,,1810458.93,-1810458.93,20000000.0,,,20000000.0,-12628550.1033,46000000.0,8875308.75,7125000.0,,54875308.75,-34875308.75,-43170.58,-28715620.81,381485039.76,352769418.95,,,,,,,,,,,,,,,,,,,,,,,,,,,,
44,600071.SH,20100402,20100508,20091231,1,1,68479000.35,7478078.83,879762014.76,11085665.33,,,,,,,,,,,,31681534.13,922529214.22,490125084.35,180940364.3,21505239.5,,,,,,38719233.7,731289921.85,191239292.37,,500000.0,3916785.56,3852663.73,5000000.0,13269449.29,17747183.53,4277879.17,,4397300.0,,26422362.7,-13152913.41,184000000.0,,,184000000.0,3328922.8378,179000000.0,42582237.4,11021380.72,,221582237.4,-37582237.4,335532.26,140839673.82,240645365.94,381485039.76,,,,-14309493.85,58389536.71,723770.85,673347.39,,,339193.93,77078.94,,-6138567.69,183875.75,,52499150.22,-35429629.74,64080139.87,-5806189.19,191239292.37,,,,381485039.76,240645365.94,,,140839673.82
45,600071.SH,20091030,20091030,20090930,1,1,,,578467095.27,8115756.32,,,,,,,,,,,,16140148.44,602723000.03,320625110.23,122261117.14,19409968.83,,,,,,25204696.17,487500892.37,115222107.66,,,99599.1,1092227.13,,1191826.23,9338643.51,4897300.0,,,,14235943.51,-13044117.28,184000000.0,,,184000000.0,2399123.5463,179000000.0,39402975.67,,,218402975.67,-34402975.67,443114.42,68218129.13,241604778.28,309822907.41,,,,,,,,,,,,,,,,,,,,,,,,,,,,
46,600071.SH,20090814,20090814,20090630,1,1,16928753.87,4217120.17,368547304.57,4340331.3,,,,,,,,,,,,13787225.38,386674861.25,198145354.39,80458303.99,13050522.66,,,,,,17586153.25,309240334.29,77434526.96,,,,1037967.3,,1037967.3,9398307.17,,,,,9398307.17,-8360339.87,169000000.0,,,169000000.0,41723371.7552,162000000.0,37606442.0,,,199606442.0,-30606442.0,-211086.74,38256658.35,241604778.28,279861436.63,,,,-18832057.82,28378745.35,272916.95,420553.44,,,-371190.8,17025.44,,,223980.49,,49087040.46,20821621.44,-23862208.19,132226.16,77434526.96,,,,279861436.63,241604778.28,,,38256658.35
47,600071.SH,20090428,20090428,20090331,1,1,,,174826734.5,3531492.11,,,,,,,,,,,,6059134.67,184417361.28,114663810.95,45206986.56,6923329.09,,,,,,6699930.94,173494057.54,10923303.74,,,,99477.13,,99477.13,4209745.67,,,,,4209745.67,-4110268.54,81000000.0,,,81000000.0,-8863598.1763,71000000.0,2226136.58,,,73226136.58,7773863.42,-189470.51,14397428.11,241604778.28,256002206.39,,,,,,,,,,,,,,,,,,,,,,,,,,,,
48,600071.SH,20090327,20090327,20081231,1,1,46647718.92,11711369.86,962655509.48,13969698.38,,,,,,,,,,,,33109901.26,1009735109.12,601800028.74,200807518.37,28175776.92,,,,,,99236588.75,930019912.78,79715196.34,,,,1777181.58,37884647.71,39661829.29,60785609.77,12000000.0,,,,72785609.77,-33123780.48,247000000.0,,24146538.13,271146538.13,51341152.8669,301146538.13,26377671.86,15342606.83,,327524209.99,-56377671.86,-676304.82,-10462560.82,252067339.1,241604778.28,,,,7294862.71,55261051.81,945690.9,714762.84,,,750453.45,,,-4611516.4,1119542.54,,-3223644.32,10474562.39,-50100632.96,2730974.6,79715196.34,,,,241604778.28,252067339.1,,,-10462560.82
49,600071.SH,20081031,20081031,20080930,1,1,,,639945302.05,8148150.48,,,,,,,,,,,,22409489.63,670502942.16,419548623.9,144448777.63,18888891.67,,,,,,61918365.34,644804658.54,25698283.62,,,,460870.0,,460870.0,47988131.58,,,,,47988131.58,-47527261.58,179000000.0,,,179000000.0,-69146400.2304,218890014.28,7649304.38,,,226539318.66,-47539318.66,-1476952.73,-70845249.35,276213877.23,205368627.88,,,,,,,,,,,,,,,,,,,,,,,,,,,,
50,600071.SH,20081031,20081031,20080930,1,1,,,639945302.05,8148150.48,,,,,,,,,,,,22409489.63,670502942.16,419548623.9,144448777.63,18888891.67,,,,,,61918365.34,644804658.54,25698283.62,,,,460870.0,,460870.0,47988131.58,,,,,47988131.58,-47527261.58,179000000.0,,,179000000.0,-15709975.4189,218890014.28,7649304.38,,,226539318.66,-47539318.66,-1476952.73,-70845249.35,276213877.23,205368627.88,,,,,,,,,,,,,,,,,,,,,,,,,,,,
51,600071.SH,20080815,20080815,20080630,1,1,19940483.07,5119825.36,396402418.25,4978297.69,,,,,,,,,,,,17504483.2,418885199.14,262998480.23,95696017.14,14433812.35,,,,,,34743459.08,407871768.8,11013430.34,,,,199370.0,,199370.0,31104840.23,,,,,31104840.23,-30905470.23,103000000.0,,,103000000.0,32493431.5566,108000000.0,5119631.63,,,113119631.63,-10119631.63,-1829949.26,-31841620.78,252067339.1,220225718.32,,,,1264557.53,26685740.95,437781.12,357381.42,,,453892.32,,,9800.0,-192329.77,,-3411141.11,-25052531.55,-14600029.0,,11013430.34,,,,220225718.32,252067339.1,,,-31841620.78
52,600071.SH,20080422,20080422,20080331,1,1,,,185545627.97,3538556.45,,,,,,,,,,,,7276587.85,196360772.27,138827868.1,52481016.18,7056301.53,,,,,,13702202.11,212067387.92,-15706615.65,,,,177000.0,,177000.0,14096241.08,,,,,14096241.08,-13919241.08,45000000.0,,,45000000.0,14307181.1702,45000000.0,2501354.75,,743476.15,48244830.9,-3244830.9,55091.23,-32815596.4,252067339.1,219251742.7,,,,,,,,,,,,,,,,,,,,,,,,,,,,
53,600071.SH,20080422,20080422,20080331,1,1,,,185545627.97,3538556.45,,,,,,,,,,,,7276587.85,196360772.27,138827868.1,52481016.18,7056301.53,,,,,,13702202.11,212067387.92,-15706615.65,,,,177000.0,,177000.0,14096241.08,,,,,14096241.08,-13919241.08,45000000.0,,,45000000.0,-40311365.5064,45000000.0,2501354.75,,743476.15,48244830.9,-3244830.9,55091.23,-32815596.4,252067339.1,219251742.7,,,,,,,,,,,,,,,,,,,,,,,,,,,,
54,600071.SH,20080328,20080328,20071231,1,1,79655576.68,11951015.45,1009712381.24,11343586.61,,,,,,,,,,,,43451102.85,1064507070.7,611090324.19,183715293.88,20318115.3,,,,,,59124438.57,874248171.94,190258898.76,,3303219.49,117166.9,1205418.58,,4625804.97,90338816.0,3400000.0,,,,93738816.0,-89113011.03,186146538.13,,,186146538.13,48511927.6785,187000000.0,26659626.62,15150000.0,24211757.37,237871383.99,-51724845.86,-441388.83,48979653.04,203087686.06,252067339.1,,,,16850607.22,48529276.62,899252.27,1279522.7,,,162601.32,,20294.63,2687315.52,-1088305.77,,2546606.9,-33834786.4,59534819.2,1065102.42,190258898.76,,,,252067339.1,203087686.06,,,48979653.04
55,600071.SH,20071031,20071031,20070930,1,1,,,670365270.69,5969263.45,,,,,,,,,,,,46321417.61,722655951.75,406888629.78,134735517.21,15711366.73,,,,,,57083321.16,614418834.88,108237116.87,,725000.0,567166.9,9993383.51,,11285550.41,79413022.9,2240000.0,,,,81653022.9,-70367472.49,176890014.29,,,176890014.29,-41498814.5657,167000000.0,19762237.4,,,186762237.4,-9872223.11,-826858.2,27170563.07,203087686.06,230258249.13,,,,,,,,,,,,,,,,,,,,,,,,,,,,
56,600071.SH,20071031,20071031,20070930,1,1,,,670365270.69,5969263.45,,,,,,,,,,,,46321417.61,722655951.75,406888629.78,134735517.21,15711366.73,,,,,,57083321.16,614418834.88,108237116.87,,725000.0,567166.9,9993383.51,,11285550.41,79413022.9,2240000.0,,,,81653022.9,-70367472.49,176890014.29,,,176890014.29,494424.6425,167000000.0,19762237.4,,,186762237.4,-9872223.11,-826858.2,27170563.07,203087686.06,230258249.13,,,,,,,,,,,,,,,,,,,,,,,,,,,,
57,600071.SH,20070817,20070817,20070630,1,1,34948059.24,5957247.44,409793321.65,3099621.53,,,,,,,,,,,,34176982.08,447069925.26,246391664.55,88213646.35,10117495.52,,,,,,42914129.59,387636936.01,59432989.25,,725000.0,567166.9,9992383.51,,11284550.41,57400099.43,2240000.0,,,,59640099.43,-48355549.02,75000000.0,,,75000000.0,30338176.2917,100000000.0,16980749.65,,,116980749.65,-41980749.65,-519629.24,-31422938.66,203087686.06,171664747.4,,,,1432024.92,21298505.22,438213.61,403805.45,,,52484.11,23284.83,,-96872.27,-115321.71,51738.57,-20692613.74,-28838467.7,44570901.28,,59432989.25,,,,171664747.4,203087686.06,,,-31422938.66
58,600071.SH,20070425,20070425,20070331,1,1,,,174936397.51,1183418.14,,,,,,,,,,,,19617518.51,195737334.16,117279168.64,46555476.7,5909162.58,,,,,,21587149.38,191330957.3,4406376.86,,905294.63,96872.27,564000.0,,1566166.9,17837838.71,2240000.0,,,,20077838.71,-18511671.81,55000000.0,,,55000000.0,-4131373.0624,50000000.0,14221583.9,11400000.0,,64221583.9,-9221583.9,-299970.86,-23626849.71,203087686.06,179460836.35,,,,,,,,,,,,,,,,,,,,,,,,,,,,
59,600071.SH,20070425,20070425,20070331,1,1,,,174936397.51,1183418.14,,,,,,,,,,,,19617518.51,195737334.16,117279168.64,46555476.7,5909162.58,,,,,,21587149.38,191330957.3,4406376.86,,905294.63,96872.27,564000.0,,1566166.9,17837838.71,2240000.0,,,,20077838.71,-18511671.81,55000000.0,,,55000000.0,-75236278.85,50000000.0,14221583.9,11400000.0,,64221583.9,-9221583.9,-299970.86,-23626849.71,203087686.06,179460836.35,,,,,,,,,,,,,,,,,,,,,,,,,,,,
60,600071.SH,20080328,20070329,20061231,1,1,83083360.33,14375469.65,969565238.94,7464999.0,,,,,,,,,,,,8579593.16,985609831.1,629316790.32,137180689.02,22237354.84,,,,,,29681006.35,818415840.53,167193990.57,,3963653.26,70831.24,27920877.34,,31955361.84,74889309.92,1300000.0,,,,76189309.92,-44233948.08,155000000.0,,,172550000.0,142874655.5196,201500000.0,65329121.02,,,266829121.02,-94279121.02,-1441772.44,27239149.03,175848537.03,203087686.06,17550000.0,,,22072599.59,40790821.02,884114.96,1850562.71,,,-1419658.04,-62484.57,43206.95,2887206.58,-144625.43,,-11451381.0,154190465.05,-149660257.32,9754590.09,167193990.57,,,,203087686.06,175848537.03,,,27239149.03
61,600071.SH,20071031,20061027,20060930,1,1,,,579487831.9,3699073.38,,,,,,,,,,,,31128630.87,614315536.15,344589854.48,102354270.71,18808020.86,,,,,,32045136.4,497797282.45,116518253.7,,6004290.24,61955.73,3918225.06,,9984471.03,54605275.02,850000.0,,,,55455275.02,-45470803.99,85000000.0,,,102550000.0,-95290396.51,121500000.0,48980476.24,,,170480476.24,-67930476.24,,3116973.47,175848537.03,178965510.5,17550000.0,,,,,,,,,,,,,,,,,,,,,,,,,,,
62,600071.SH,20070817,20060818,20060630,1,1,35842739.64,4928207.1,364315900.58,3604196.3,,,,,,,,,,,,23246818.35,391166915.23,210358269.96,68094084.21,13375835.73,,,,,,26601901.85,318430091.75,72736823.48,,1050000.0,61955.73,2493500.0,,3605455.73,30751812.15,400000.0,,,,31151812.15,-27546356.42,65000000.0,,,65000000.0,34500948.119,65000000.0,46000576.91,,,111000576.91,-46000576.91,,-810109.85,175848537.03,175038427.18,,,,8575368.79,21613133.77,275784.14,554173.25,,,-821753.65,32062.66,,-504644.27,-29532.14,26443.06,-8931470.16,-15958858.07,27135169.36,,72736823.48,,,,175038427.18,175848537.03,,,-810109.85
63,600071.SH,20070425,20060420,20060331,1,1,,,155567124.32,1790152.02,,,,,,,,,,,,21111002.87,178468279.21,103517289.23,34951227.23,7002515.83,,,,,,7264445.02,152735477.31,25732801.9,,650000.0,14038.38,465000.0,,1129038.38,16803945.77,400000.0,,,,17203945.77,-16074907.39,45000000.0,,,45000000.0,-61036594.46,50000000.0,9270891.05,,,59270891.05,-14270891.05,,-4612996.54,175848537.03,171235540.49,,,,,,,,,,,,,,,,,,,,,,,,,,,,
64,600071.SH,20060324,20060324,20051231,1,1,50057138.36,14639992.48,592276479.7,3626876.24,,,,,,,,,,,,6849984.93,602753340.87,346333986.16,87421040.07,19732012.31,,,,,,35723299.2,489210337.74,113543003.13,,7405338.38,1688661.29,3812703.57,,12906703.24,60373509.52,9650000.0,,,,70023509.52,-57116806.28,165000000.0,,,198752595.75,14437169.3062,174700000.0,30329806.73,,,205029806.73,-6277210.98,-1523631.04,48625354.83,,,33752595.75,,,14588037.51,38158092.75,727613.27,760212.03,469821.16,2459849.84,-490314.41,173725.88,,2552756.53,,,22255638.68,-41798474.23,8988913.28,,113543003.13,,,,175848537.03,127223182.2,,,48625354.83
65,600071.SH,20051028,20051028,20050930,1,1,35174390.07,11607269.37,362434051.46,1036497.11,,,,,,,,,,,,8406238.75,371876787.32,217995306.07,59931255.39,14587725.76,,,,,,55597023.37,348111310.59,23765476.73,,19117750.39,,2348496.23,,21466246.62,36545823.68,,,,,36545823.68,-15079577.06,90000000.0,,,123750000.0,-34575469.9477,100850000.0,18740285.1,,,119590285.1,4159714.9,-30393.48,12815221.09,,,33750000.0,,,-1873383.81,29330115.13,518088.75,376667.23,-597965.53,1558621.77,-194981.11,,,3040190.77,,,-31219821.39,-36724727.11,12771012.59,,23765476.73,,,,140038403.29,127223182.2,,,12815221.09
66,600071.SH,20050812,20050812,20050630,1,1,12763718.76,7574437.08,221656000.22,290733.84,,,,,,,,,,,,7233611.23,229180345.29,138018337.65,36712566.82,10492167.32,,,,,,24573357.34,209796429.13,19383916.16,,10703919.64,,1895064.91,,12598984.55,25379352.71,,,,,25379352.71,-12780368.16,60000000.0,,,79500000.0,-18335583.2226,51118391.94,14708608.62,,,65827000.56,13672999.44,-1155.81,20275391.63,,,19500000.0,,,-977225.76,17713188.29,351206.22,212861.25,-2763656.53,1674765.19,-240900.81,,,-9426.77,,,-3412186.31,-12659506.05,-843358.4,,19383916.16,,,,147498573.83,127223182.2,,,20275391.63
67,600071.SH,20050428,20050428,20050331,1,1,5518436.66,3751387.2,102045910.59,84546.94,,,,,,,,,,,,3110952.01,105241409.54,71504430.11,19104441.61,2650177.04,,,,,,13740198.8,106999247.56,-1757838.02,,10703919.64,,1854734.0,,12558653.64,13531542.29,150000.0,,,,13681542.29,-1122888.65,35000000.0,,,53000000.0,-15378774.3538,27000000.0,3659174.75,,,30659174.75,22340825.25,-1155.81,19458942.77,,,18000000.0,,,-518449.19,9174996.54,239604.5,,-843787.71,-693012.21,-240678.53,1927.58,,-26446.64,,,-972043.39,-7743945.94,-9405826.89,,-1757838.02,,,,146682124.97,127223182.2,,,19458942.77
68,600071.SH,20050318,20050318,20041231,1,1,51718407.56,12516637.44,611013496.96,9646233.31,,,,,,,,,,,,10820850.59,631480580.86,413298798.7,65598601.36,16771489.9,,,,,,64156908.9,559825798.86,71654782.0,,57162628.77,5928640.87,1377219.47,,64468489.11,214864168.81,7800000.0,,,,222664168.81,-158195679.7,217200000.0,,,264200000.0,-106857487.3472,135750000.0,47374960.17,,748247.21,183873207.38,80326792.62,1472.89,-6212632.19,,,47000000.0,,293911.58,6520100.85,28217487.04,818310.21,1960948.2,-554736.06,3245891.84,25254.55,,,-6129913.42,,,31788482.71,-7109095.43,-51069081.91,,71654782.0,,,,127223182.2,133435814.39,,,-6212632.19
