,ts_code,ann_date,f_ann_date,end_date,report_type,comp_type,total_share,cap_rese,undistr_porfit,surplus_rese,special_rese,money_cap,trad_asset,notes_receiv,accounts_receiv,oth_receiv,prepayment,div_receiv,int_receiv,inventories,amor_exp,nca_within_1y,sett_rsrv,loanto_oth_bank_fi,premium_receiv,reinsur_receiv,reinsur_res_receiv,pur_resale_fa,oth_cur_assets,total_cur_assets,fa_avail_for_sale,htm_invest,lt_eqt_invest,invest_real_estate,time_deposits,oth_assets,lt_rec,fix_assets,cip,const_materials,fixed_assets_disp,produc_bio_assets,oil_and_gas_assets,intan_assets,r_and_d,goodwill,lt_amor_exp,defer_tax_assets,decr_in_disbur,oth_nca,total_nca,cash_reser_cb,depos_in_oth_bfi,prec_metals,deriv_assets,rr_reins_une_prem,rr_reins_outstd_cla,rr_reins_lins_liab,rr_reins_lthins_liab,refund_depos,ph_pledge_loans,refund_cap_depos,indep_acct_assets,client_depos,client_prov,transac_seat_fee,invest_as_receiv,total_assets,lt_borr,st_borr,cb_borr,depos_ib_deposits,loan_oth_bank,trading_fl,notes_payable,acct_payable,adv_receipts,sold_for_repur_fa,comm_payable,payroll_payable,taxes_payable,int_payable,div_payable,oth_payable,acc_exp,deferred_inc,st_bonds_payable,payable_to_reinsurer,rsrv_insur_cont,acting_trading_sec,acting_uw_sec,non_cur_liab_due_1y,oth_cur_liab,total_cur_liab,bond_payable,lt_payable,specific_payables,estimated_liab,defer_tax_liab,defer_inc_non_cur_liab,oth_ncl,total_ncl,depos_oth_bfi,deriv_liab,depos,agency_bus_liab,oth_liab,prem_receiv_adva,depos_received,ph_invest,reser_une_prem,reser_outstd_claims,reser_lins_liab,reser_lthins_liab,indept_acc_liab,pledge_borr,indem_payable,policy_div_payable,total_liab,treasury_share,ordin_risk_reser,forex_differ,invest_loss_unconf,minority_int,total_hldr_eqy_exc_min_int,total_hldr_eqy_inc_min_int,total_liab_hldr_eqy,lt_payroll_payable,oth_comp_income,oth_eqt_tools,oth_eqt_tools_p_shr,lending_funds,acc_receivable,st_fin_payable,payables,hfs_assets,hfs_sales
0,000557.SZ,20190429,20190429,20190331,1,1,1458374735.0,4322659666.67,-967987069.49,135249454.68,9310386.1,434569359.92,,257590948.85,128391891.42,,695982.18,,333638.89,55379281.63,,66860.0,,,,,,,21935920.71,1657514711.91,,,,28699268.75,,,,3327379791.5,47771184.29,,,27322400.53,,481564629.63,,,325567.08,9096940.38,,2288336.93,4094448119.09,,,,,,,,,,,,,,,,,5751962831.0,,,,,,,,,8947997.01,,,23539702.55,10892572.32,,570520395.3,,,,,,,,,,23365735.3,754807028.44,,,,,38782050.36,,,39548629.6,,,,,,,,,,,,,,,,,794355658.04,,,,,,4957607172.96,4957607172.96,5751962831.0,766579.24,,,,,,,,,
1,000557.SZ,20190429,20190429,20190331,1,1,1458374735.0,4322659666.67,-967987069.49,135249454.68,9310386.1,434569359.92,,257590948.85,128391891.42,,695982.18,,333638.89,55379281.63,,66860.0,,,,,,,21935920.71,1657514711.91,,,,28699268.75,,,,,,,,27322400.53,,481564629.63,,,325567.08,9096940.38,,2288336.93,4094448119.09,,,,,,,,,,,,,,,,,5751962831.0,,,,,,,,,8947997.01,,,23539702.55,10892572.32,,570520395.3,,,,,,,,,,23365735.3,754807028.44,,,,,38782050.36,,,39548629.6,,,,,,,,,,,,,,,,,794355658.04,,,,,,4957607172.96,4957607172.96,5751962831.0,766579.24,,,,,,,,,
2,000557.SZ,20190429,20190429,20181231,1,1,1458374735.0,4322659666.67,-996732138.94,135249454.68,9310386.1,416680086.64,,229299480.76,120323108.61,759035350.44,2132867.1,,1044269.4,55953488.27,,66860.0,,,,,,,70380468.75,1654915979.97,170000000.0,,,28987029.6,,,,3355764296.78,39452218.77,,,27761217.16,,484833931.74,,,346272.98,9096940.38,,2287781.27,4118529688.68,,,,,,,,,,,,,,,,,5773445668.65,,,,,,,34703750.0,121479095.19,11653428.4,,,10365016.13,17141394.77,0.0,570520395.3,37360432.6,,,,,,,,,1036246.22,804259758.61,,,,722314.59,38782050.36,,,40323806.53,,,,,,,,,,,,,,,,,844583565.14,,,,,,4928862103.51,4928862103.51,5773445668.65,819441.58,,,,,,,,,
3,000557.SZ,20190429,20190429,20181231,1,1,1458374735.0,4322659666.67,-996732138.94,135249454.68,9310386.1,416680086.64,,229299480.76,120323108.61,,2132867.1,,1044269.4,55953488.27,,66860.0,,,,,,,70380468.75,1654915979.97,170000000.0,,,28987029.6,,,,,,,,27761217.16,,484833931.74,,,346272.98,9096940.38,,2287781.27,4118529688.68,,,,,,,,,,,,,,,,,5773445668.65,,,,,,,,,11653428.4,,,10365016.13,17141394.77,,570520395.3,,,,,,,,,,1036246.22,804259758.61,,,,722314.59,38782050.36,,,40323806.53,,,,,,,,,,,,,,,,,844583565.14,,,,,,4928862103.51,4928862103.51,5773445668.65,819441.58,,,,,,,,,
4,000557.SZ,20181030,20181030,20180930,1,1,1458374735.0,3565356579.7,-1061538583.7,135249454.68,8859791.4,356111781.72,,220936000.0,74532481.96,,12060457.53,,,68093086.89,,66860.0,,,,,,,95837903.66,833859476.9,170000000.0,,,12457651.31,,,,3393822194.74,9711671.53,,,28200033.79,,488119166.54,,,371224.16,7544865.1,,2247542.27,4112474349.44,,,,,,,,,,,,,,,,,4946333826.34,,,,,,,,,9606102.88,,,49592141.84,6843061.52,,,,,,,,,,,,33282212.36,799421282.81,,,,465414.95,39432484.91,,,40610566.45,,,,,,,,,,,,,,,,,840031849.26,,,,,,4106301977.08,4106301977.08,4946333826.34,,,,,,,,,,
5,000557.SZ,20180801,20180801,20180630,1,1,1458374735.0,3565356579.7,-1093455366.68,135249454.68,8859791.4,212806149.66,,280484000.0,68019405.88,5574246.85,8846204.34,,1262357.75,66036313.48,,66860.0,,,,,,,108897913.58,751993451.54,170000000.0,,,12588470.23,,,,3418205061.66,9315562.03,,,28638850.42,,491397911.86,,,387684.78,7553142.81,,2199881.16,4140286564.95,,,,,,,,,,,,,,,,,4892280016.49,,,,,,,16352950.0,68470275.86,9662290.29,,,35237022.53,8322160.55,,570520395.3,38511764.28,,,,,,,,,30152212.36,777229071.17,,,,465414.95,39432484.91,,,40665751.22,,,,,,,,,,,,,,,,,817894822.39,,,,,,4074385194.1,4074385194.1,4892280016.49,767851.36,,,,,,,,,
6,000557.SZ,20180426,20180426,20180331,1,1,1458374735.0,3565356579.7,-1122538703.31,135249454.68,8859791.4,314461769.32,,252848612.7,79509744.16,5190691.14,8952504.03,,623948.06,63247875.61,,66860.0,,,,,,,108837708.85,833739713.87,170000000.0,,,12582273.16,,,,3447226896.21,8001237.5,,,29077667.05,,494687415.15,,,408390.68,7841380.88,,2142210.05,4171967470.68,,,,,,,,,,,,,,,,,5005707184.55,92650000.0,,,,,,26577500.0,67682490.77,7401717.5,,,19306107.3,10064894.51,,570520395.3,38522388.71,,,,,,,,64320000.0,21988867.9,826384361.99,,,,465414.95,40082919.34,,,134020965.09,,,,,,,,,,,,,,,,,960405327.08,,,,,,4045301857.47,4045301857.47,5005707184.55,822630.8,,,,,,,,,
7,000557.SZ,20180322,20180322,20171231,1,1,1458374735.0,3565356579.7,-1144094785.44,135249454.68,8859791.4,367613856.14,,210671747.73,81976001.67,5283325.74,518943.72,,2484478.64,63444086.35,,66860.0,,,,,,,108097600.54,840156900.53,170000000.0,,,12711460.95,,,,3475172780.21,8001237.5,,,29516483.68,,497994155.61,,,429096.58,7841380.88,,2141316.15,4203807911.56,,,,,,,,,,,,,,,,,5043964812.09,100650000.0,,,,,,26079250.0,95992120.1,6275201.91,,,14855629.97,22696639.49,237793.33,596582081.28,49612381.97,,,,,,,,64320000.0,1351662.25,878002760.3,,,,605347.83,40082919.34,,,142216276.45,,,,,,,,,,,,,,,,,1020219036.75,,,,,,4023745775.34,4023745775.34,5043964812.09,878009.28,,,,,,,,,
8,000557.SZ,20171027,20171027,20170930,1,1,1458374735.0,3564605165.8,-1194594087.09,135249454.68,8819980.84,439736050.0,,249961273.33,35402712.0,9565368.06,10823885.08,,49404.16,72106018.89,,66860.0,,,,,,,2642386.52,820353958.04,170000000.0,,,12840248.74,,,,3451005106.9,38612968.46,17022693.12,,29955300.31,,501300896.07,,,449802.48,4593442.17,,2080992.02,4227861450.27,,,,,,,,,,,,,,,,,5048215408.31,132300000.0,,,,,,21928000.0,63308519.28,23646517.63,,,40324226.3,5568092.56,,596582081.28,73779794.78,,,,,,,,54340000.0,21308867.9,900786099.73,,,,,40733353.82,,,174220653.64,,,,,,,,,,,,,,,,,1075006753.37,,,,,753405.71,3972455249.23,3973208654.94,5048215408.31,1187299.82,,,,,,,,,
9,000557.SZ,20170825,20170825,20170630,1,1,1458374735.0,3564605165.8,-1206273282.85,135249454.68,8819980.84,374180185.67,,237052029.43,62719969.26,5040021.88,26858239.23,,395628.26,72328040.68,,102860.0,,,,,,,2339631.03,781016605.44,170000000.0,,,12685805.01,,,,3477553802.99,37126851.19,185086.28,,30394116.94,,504623794.86,,,434508.38,4593442.17,,1786578.3,4239383986.12,,,,,,,,,,,,,,,,,5020400591.56,135300000.0,,,,,,30961270.0,64710115.37,17610171.14,,,28812333.29,6338367.18,,596582081.28,72627494.09,,,,,,,,54340000.0,9591886.76,881573719.11,,,,,40733353.82,,,177296996.57,,,,,,,,,,,,,,,,,1058870715.68,,,,,753822.41,3960776053.47,3961529875.88,5020400591.56,1263642.75,,,,,,,,,
10,000557.SZ,20170428,20170428,20170331,1,1,1458374735.0,3564605165.8,-1217993997.52,135249454.68,8819980.84,293742467.84,,348029122.07,69797466.72,4710615.49,8025608.92,,643048.72,74325687.65,,,,,,,,,1136859.71,800410877.12,170000000.0,,,12809216.16,,,,3503187932.23,37218464.71,185086.28,,30832933.57,,507966010.32,,,627977.19,4535235.92,,1769883.03,4269132739.41,,,,,,,,,,,,,,,,,5069543616.53,164970000.0,,,,,,50019460.0,63719179.14,21552486.51,,,17263524.62,16158873.57,,596582081.28,71629859.35,,,,,,,,51340000.0,23770716.76,912036181.23,,,,,41383788.2,,,207697407.23,,,,,,,,,,,,,,,,,1119733588.46,,,,,754689.27,3949055338.8,3949810028.07,5069543616.53,1343619.03,,,,,,,,,
11,000557.SZ,20170408,20170408,20161231,1,1,1458374735.0,3564605165.8,-1231089600.1,135249454.68,8819980.84,255159169.66,,316935522.07,91282806.08,5272735.53,4191444.06,,832993.16,67899367.02,,102860.0,,,,,,,6201196.93,747878094.51,170000000.0,,,12938558.57,,,,3531670460.63,37218464.71,,,31271750.2,,511412557.85,,,475920.18,4761828.91,,1767370.89,4301516911.94,,,,,,,,,,,,,,,,,5049395006.45,164970000.0,,,,,,38608610.0,89263543.0,9929328.62,,,18926507.91,23007272.19,315377.88,596582081.28,72313262.7,,,,,,,,54340000.0,1616136.99,904902120.57,,,,,41383788.2,,,207778448.53,,,,,,,,,,,,,,,,,1112680569.1,,,,,754701.13,3935959736.22,3936714437.35,5049395006.45,1424660.33,,,,,,,,,
12,000557.SZ,20161027,20161027,20160930,1,1,1458374735.0,1975017115.69,290506364.31,133500293.77,12001141.56,281459635.24,,86170982.4,420800381.98,21395761.06,13178744.94,,,84857226.08,,13981.13,,,,,,,5000000.0,912876712.83,171000000.0,,,13204674.35,,,,3532736329.27,56517570.35,,,31689966.83,,514703638.58,,,689486.08,816303.97,,,4321357969.43,,,,,,,,,,,,,,,,,5234234682.26,219310000.0,,,,,,57225840.0,270308821.38,1656757.51,,,20962654.78,17865423.76,,596582081.28,71391646.15,,,,,,,,26670000.0,37670716.76,1100333941.62,,,,,44259489.77,144966.7,,263714456.47,,,,,,,,,,,,,,,,,1364048398.09,,,,,786633.84,3869399650.33,3870186284.17,5234234682.26,,,,,,,,,,
13,000557.SZ,20160818,20160818,20160630,1,1,1458374735.0,1975017115.69,293503271.1,133500293.77,8009637.43,400994379.02,,110958482.4,149403574.02,20105246.55,15784897.68,,,75504468.11,,67514.15,,,,,,,5000000.0,777818561.93,171000000.0,,,13360914.53,,,,3561456462.49,56517570.35,,,32123383.43,,517831521.3,,,740191.98,816303.97,,,4353846348.05,,,,,,,,,,,,,,,,,5131664909.98,198640000.0,,,,,,67499310.0,63784519.43,8111594.3,,,17766214.5,17610283.41,,596582081.28,70840258.51,,,,,,,,50340000.0,26640716.76,919174978.19,,100198338.33,,,44259489.77,200000.0,,343297828.1,,,,,,,,,,,,,,,,,1262472806.29,,,,,787050.7,3868405052.99,3869192103.69,5131664909.98,,,,,,,,,,
14,000557.SZ,20160423,20160423,20160331,1,1,1458374735.0,3431150349.12,-1129775286.18,135249454.68,7987917.43,437475157.12,,139755000.0,189008962.47,27597864.99,20021257.94,,745000.0,70533780.46,,102860.0,,,,,,,66572507.02,951812390.0,173000000.0,,,13570959.77,,,,3585365629.95,62631434.97,,,32558062.04,,521154625.56,,,616037.88,953707.95,,,4389850458.12,,,,,,,,,,,,,,,,,5341662848.12,213310000.0,150000000.0,,,,,57813310.0,83880214.66,7595480.21,,,25179177.22,19110547.85,,596582081.28,71074860.33,,,,,,,,57340000.0,11301886.76,1079877558.31,,100198338.33,,,44259489.77,200000.0,,357967828.1,,,,,,,,,,,,,,,,,1437845386.41,,,,,830291.66,3902987170.05,3903817461.71,5341662848.12,,,,,,,,,,
15,000557.SZ,20160423,20160423,20151231,1,1,686133996.0,1017371617.89,-1582093384.26,1749160.91,,95812682.89,,,927750.85,200012.53,2434036.71,,,22306310.86,,102860.0,,,,,,,114379945.37,236163599.21,,,,4530952.0,,,,17521923.65,6110668.0,,,85632.5,,,,,588879.98,,,,28838056.13,,,,,,,,,,,,,,,,,265001655.34,,,,,,,,22997882.14,602697.23,,,1778403.46,13726070.69,,,94371346.66,,,,,,,,,7332971.77,140809371.95,,,,,,200000.0,,200000.0,,,,,,,,,,,,,,,,,141009371.95,,,,,830892.85,123161390.54,123992283.39,265001655.34,,,,,,,,,,
16,000557.SZ,20151028,20151028,20150930,1,1,686133996.0,1017371617.89,-1564534566.68,1749160.91,,44283745.07,,500000.0,696857.4,753995.62,12819557.16,,,21798849.66,,,,,,,,,163483162.07,244336166.98,,,,,,,,17835982.42,10926962.9,,,84822.5,,,,,618454.98,,,,29466222.8,,,,,,,,,,,,,,,,,273802389.78,,,,,,,,22846726.25,1203240.55,,,1026810.91,13015802.57,,,94346543.7,,,,,,,,,145079.38,132584203.36,,,,0.0,,,,0.0,,,,,,,,,,,,,,,,,132584203.36,,,,,497978.3,140720208.12,141218186.42,273802389.78,,,,,,,,,,
17,000557.SZ,20150729,20150729,20150630,1,1,686133996.0,1017371617.89,-1564595012.15,1749160.91,,90106006.3,,500000.0,833682.52,357035.47,8832343.26,,241849.99,21853371.56,,66860.0,,,,,,,121617361.91,244408511.01,,,,,,,,18437054.19,10641620.0,,,78527.5,,,,,568309.98,,,,29725511.67,,,,,,,,,,,,,,,,,274134022.68,,,,,,,,23046928.69,1123301.31,,,1019926.56,13073406.43,,,94342409.4,,,,,,,,,369849.38,132975821.77,,,,,,,,,,,,,,,,,,,,,,,,,132975821.77,,,,,498438.26,140659762.65,141158200.91,274134022.68,,,,,,,,,,
18,000557.SZ,20150428,20150428,20150331,1,1,686133996.0,1017335572.84,-1564557397.66,1749160.91,,162944572.42,50000000.0,,766099.2,1158234.03,8294858.48,,,21471284.84,,,,,,,,,,244635048.97,,,,,,,,19053902.52,10641620.0,,,,,,,,,,,,29695522.52,,,,,,,,,,,,,,,,,274330571.49,,,,,,,,23035868.66,473419.14,,,1010372.29,12859362.06,,,94357499.02,,,,,,,,,300812.38,132037333.55,,,,1132935.09,,,,1132935.09,,,,,,,,,,,,,,,,,133170268.64,,,,,498970.76,140661332.09,141160302.85,274330571.49,,,,,,,,,,
19,000557.SZ,20150304,20150304,20141231,1,1,686133996.0,1017335572.84,-1564654922.63,1749160.91,,215258509.12,,,812233.2,298853.09,6930173.09,,,22341172.05,,,,,,,,,,245640940.55,,,,,,,,19671842.57,10641620.0,,,,,,,,,,,,30313462.57,,,,,,,,,,,,,,,,,275954403.12,,,,,,,,23073532.0,1138778.4,,,1759232.65,13008282.87,,,94504570.64,,,,,,,,,273876.73,133758273.29,,,,1132935.09,,,,1132935.09,,,,,,,,,,,,,,,,,134891208.38,,,,,499387.62,140563807.12,141063194.74,275954403.12,,,,,,,,,,
20,000557.SZ,20141029,20141029,20140930,1,1,686133996.0,1017335572.84,-1561404240.62,1749160.91,,215873539.51,,500000.0,25733.77,3406458.37,16213510.53,,,21895552.15,,,,,,,,,28867.94,257943662.27,,,,,,,,6036779.24,12424701.57,,,,,,,,,,,,18461480.81,,,,,,,,,,,,,,,,,276405143.08,,,,,,,,23309484.18,681149.61,,,1115545.93,12428867.43,,,94443581.43,,,,,,,,,,131978628.58,,,,,,,,,,,,,,,,,,,,,,,,,131978628.58,,,,,612025.37,143814489.13,144426514.5,276405143.08,,,,,,,,,,
21,000557.SZ,20140828,20140828,20140630,1,1,686133996.0,1017335572.84,-1562899653.77,1749160.91,,217912149.54,,500000.0,595627.45,2104597.93,13765408.0,,,21922817.07,,,,,,,,,,256800599.99,,,,,,,,6184628.05,13547468.57,,,,,,,,,,,,19732096.62,,,,,,,,,,,,,,,,,276532696.61,,,,,,,,23717031.97,398570.5,,,1245545.9,12625578.19,,,95614394.95,,,,,,,,,,133601121.51,,,,,,,,,,,,,,,,,,,,,,,,,133601121.51,,,,,612499.12,142319075.98,142931575.1,276532696.61,,,,,,,,,,
22,000557.SZ,20140429,20140429,20140331,1,1,686133996.0,1017335572.84,-1565055040.19,1749160.91,,222386475.92,,500000.0,20662.16,15914288.83,15209622.23,,,22792788.51,,,,,,,,,,276823837.65,,,,,,,,3374831.09,12424701.57,,,,,,,,31723.0,,,,15831255.66,,,,,,,,,,,,,,,,,292655093.31,,,,,,,,23721860.17,1419092.21,,,1015545.93,12532488.32,,,95522570.86,,,,,,,,,8830.0,134220387.49,,,,17657898.0,,,,17657898.0,,,,,,,,,,,,,,,,,151878285.49,,,,,613118.26,140163689.56,140776807.82,292655093.31,,,,,,,,,,
23,000557.SZ,20140429,20140429,20131231,1,1,686133996.0,1017335572.84,-1565827725.49,1749160.91,,224617926.7,,860000.0,59324.56,15591683.29,15307368.91,,,22677325.65,,,,,,,,,,279113629.11,,,,,,,,1762838.6,12064701.57,,,,,,,,,,,,13827540.17,,,,,,,,,,,,,,,,,292941169.28,,,,,,,,24512642.17,784374.97,,,1374992.8,13082092.45,,,95508854.66,,,,,,,,,15730.0,135278687.05,,,,17657898.0,,,,17657898.0,,,,,,,,,,,,,,,,,152936585.05,,,,,613579.97,139391004.26,140004584.23,292941169.28,,,,,,,,,,
24,000557.SZ,20131022,20131022,20130930,1,1,686133996.0,1017335572.84,-1569139625.67,1749160.91,,231897556.18,,,4015117.89,16002746.15,12532712.52,,,19375534.2,,,,,,,,,,283823666.94,,,,,,,,1771713.3,,,,,,,,,,,,,1771713.3,,,,,,,,,,,,,,,,,285595380.24,,,,,,,,22929469.96,13551.97,,,1015545.93,12301437.86,,,94937826.4,,,,,,,,,,131197832.12,,,,17657898.0,,,,17657898.0,,,,,,,,,,,,,,,,,148855730.12,,,,,660546.04,136079104.08,136739650.12,285595380.24,,,,,,,,,,
25,000557.SZ,20130814,20130814,20130630,1,1,686133996.0,1017335572.84,-1570111150.96,1749160.91,,261427651.93,,,739205.89,638442.81,,,,19893618.3,,,,,,,,,,282698918.93,,,,,,,,1598018.42,,,,,,,,,,,,,1598018.42,,,,,,,,,,,,,,,,,284296937.35,,,,,,,,22688910.17,14595.97,,,1020856.57,11984112.51,,,94941263.56,,,,,,,,,220713.88,130870452.66,,,,17657898.0,,,,17657898.0,,,,,,,,,,,,,,,,,148528350.66,,,,,661007.9,135107578.79,135768586.69,284296937.35,,,,,,,,,,
26,000557.SZ,20130426,20130426,20130331,1,1,686133996.0,1017335572.84,-1569333054.45,1749160.91,,261010276.77,,,869249.89,1259544.4,,,,21624800.24,,,,,,,,,,284763871.3,,,,,,,,1631390.65,,,,,,,,,,,,,1631390.65,,,,,,,,,,,,,,,,,286395261.95,,,,,,,,22688910.17,2351.97,,,1139697.35,13234983.24,,,94903307.38,,,,,,,,,220713.88,132189963.99,,,,17657898.0,,,,17657898.0,,,,,,,,,,,,,,,,,149847861.99,,,,,661724.66,135885675.3,136547399.96,286395261.95,,,,,,,,,,
27,000557.SZ,20130426,20130426,20121231,1,1,686133996.0,1017335572.84,-1569409715.49,1749160.91,,262223635.74,,,173197.89,1246672.14,58500.0,,,22171588.82,,,,,,,,,,285873594.59,,,,,,,,1664885.85,,,,,,,,,,,,,1664885.85,,,,,,,,,,,,,,,,,287538480.44,,,,,,,,22808850.17,10799.97,,,1111305.37,13917025.5,,,95340677.38,,,,,,,,,220713.88,133409372.27,,,,17657898.0,,,,17657898.0,,,,,,,,,,,,,,,,,151067270.27,,,,,662195.91,135809014.26,136471210.17,287538480.44,,,,,,,,,,
28,000557.SZ,20121023,20121023,20120930,1,1,686133996.0,949521391.01,-1566704730.09,1749160.91,,349724896.3,,,147237.85,15847511.86,,,,907500.8,,,,,,,,,,366627146.81,,,0.0,,,,,273273.53,,,,,,,,,,,,,273273.53,,,,,,,,,,,,,,,,,366900420.34,0.0,,,,,,,22688910.17,2934132.05,,,1018876.57,17513363.67,,,226239610.32,,,,,,,,,220713.88,270615606.66,,,,24982256.07,,,,24982256.07,,,,,,,,,,,,,,,,,295597862.73,,,,,602739.78,70699817.83,71302557.61,366900420.34,,,,,,,,,,
29,000557.SZ,20120831,20120831,20120630,1,1,686133996.0,949521391.01,-1912127039.42,1749160.91,,296019111.45,,,124797.85,14741221.83,,,,4935574.18,,,,,,,,,,315820705.31,,,1750000.0,,,,,241321.17,,,,,,,,,,,,,1991321.17,,,,,,,,,,,,,,,,,317812026.48,7863558.88,,,,,,,23322247.85,6145185.63,,,1060504.96,45058245.1,,,484992476.68,,,,,,,,,220713.88,560799374.1,,,,24982256.07,,,,32845814.95,,,,,,,,,,,,,,,,,593645189.05,,,,,-1110671.07,-274722491.5,-275833162.57,317812026.48,,,,,,,,,,
30,000557.SZ,20120424,20120424,20120331,1,1,686133996.0,742885167.77,-1942521010.98,1749160.91,,300154396.81,,,124827.71,96043245.88,,,,4935574.18,,,,,,,,,,401258044.58,,,1750000.0,,,,,248259.29,,,,,,,,,,,,,1998259.29,,,,,,,,,,,,,,,,,403256303.87,7915079.65,,,,,,,23322247.85,6175185.63,,,1221518.92,45058238.42,,,805123040.39,,,,,,,,,2307350.78,883207581.99,,,,24982256.07,,,,32897335.72,,,,,,,,,,,,,,,,,916104917.71,,,,,-1095927.54,-511752686.3,-512848613.84,403256303.87,,,,,,,,,,
31,000557.SZ,20120424,20120424,20111231,1,1,686133996.0,742885167.77,-1940874579.74,1749160.91,,4265546.72,,,124827.71,95649168.32,,,,4935574.18,,,,,,,,,,104975116.93,,,1750000.0,,,,,257027.02,,,,,,,,,,,,,2007027.02,,,,,,,,,,,,,,,,,106982143.95,7851240.97,,,,,,,23322247.85,6175185.63,,,1319758.16,45051872.12,,,507204178.37,,,,,,,,,2269017.28,585342259.41,,,,24982256.07,,,,32833497.04,,,,,,,,,,,,,,,,,618175756.45,,,,,-1087357.44,-510106255.06,-511193612.5,106982143.95,,,,,,,,,,
32,000557.SZ,20111020,20111020,20110930,1,1,686133996.0,742885167.77,-1716436105.47,1749160.91,,293605.23,,,303391.2,111840845.77,,,,9067310.56,,,,,,,,,,121505152.76,,,1750000.0,,,,,1127566.3,,,,,,,,,,,,,2877566.3,,,,,,,,,,,,,,,,,124382719.06,7787402.29,,,,,,,23322247.85,6175185.63,,,3184324.05,17686059.87,,18831603.06,308472218.13,,,,,,,,,143269.9,377814908.49,,,,24982256.07,,,,32769658.36,,,,,,,,,,,,,,,,,410584566.85,,,,,-534067.0,-285667780.79,-286201847.79,124382719.06,,,,,,,,,,
33,000557.SZ,20110825,20110825,20110630,1,1,686133996.0,742885167.77,-1716072078.0,1749160.91,,293605.23,,,303391.2,111840845.77,,,,9067310.56,,,,,,,,,,121505152.76,,,1750000.0,,,,,1166763.1,,,,,,,,,,,,,2916763.1,,,,,,,,,,,,,,,,,124421915.86,7723563.61,,,,,,,23322247.85,6175185.63,,,2929362.63,17686059.87,,18831603.06,308463818.13,,,,,,,,,143269.9,377551547.07,,,,24982256.07,,,,32705819.68,,,,,,,,,,,,,,,,,410257366.75,,,,,-531697.57,-285303753.32,-285835450.89,124421915.86,,,,,,,,,,
34,000557.SZ,20110428,20110428,20110331,1,1,686133996.0,742885167.77,-1710841070.38,1749160.91,,293845.82,,,303391.2,111840845.77,,,,9067310.56,,,,,,,,,,121505393.35,,,1750000.0,,,,,1211419.49,,,,,,,,,,,,,2961419.49,,,,,,,,,,,,,,,,,124466812.84,7659724.93,,,,,,,23322247.85,6175185.63,,,2527043.27,17686059.87,,18831603.06,303536818.13,,,,,,,,,347939.06,372426896.87,,,,24982256.07,,,,32641981.0,,,,,,,,,,,,,,,,,405068877.87,,,,,-529319.33,-280072745.7,-280602065.03,124466812.84,,,,,,,,,,
35,000557.SZ,20110428,20110428,20101231,1,1,686133996.0,742885167.77,-1710238280.85,1749160.91,,293605.34,,,303391.2,111840845.77,,,,9067310.56,,,,,,,,,,121505152.87,,,1750000.0,,,,,1259807.32,,,,,,,,,,,,,3009807.32,,,,,,,,,,,,,,,,,124514960.19,7595886.25,,,,,,,23322247.85,6175185.63,,,2237901.85,17686059.87,,18831603.06,303536818.13,,,,,,,,,143269.9,371933086.29,,,,24982256.07,,,,32578142.32,,,,,,,,,,,,,,,,,404511228.61,,,,,-526312.25,-279469956.17,-279996268.42,124514960.19,,,,,,,,,,
36,000557.SZ,20101028,20101028,20100930,1,1,686133996.0,742971309.67,-1652339908.37,1749160.91,0.0,293761.93,0.0,0.0,438786.35,138575068.27,0.0,0.0,0.0,9067310.56,,0.0,0.0,0.0,0.0,0.0,0.0,0.0,0.0,148374927.11,0.0,0.0,53523619.65,0.0,,,0.0,1405486.44,,,,,,,,,,,0.0,,54929106.09,,,,,,,,,,,,,,,,,203304033.2,7532047.57,80000000.0,0.0,0.0,0.0,0.0,0.0,23504399.72,6175185.63,0.0,0.0,1651183.24,17756393.93,,18831603.06,235371304.56,,,,0.0,,0.0,0.0,0.0,0.0,383290070.14,0.0,0.0,0.0,32471281.07,0.0,,0.0,40003328.64,,,,,,,,,,,,,,,,,423293398.78,0.0,0.0,0.0,,1496076.21,-221485441.79,-219989365.58,203304033.2,,,,,,,,,,
37,000557.SZ,20100820,20100820,20100630,1,1,686133996.0,742971309.67,-1647654510.33,1749160.91,,269908.13,,,438786.35,138689498.53,,,,9067310.56,,,,,,,,,,148465503.57,,,53523619.65,,,,,1473451.23,,,,,,,,,,,,,54997070.88,,,,,,,,,,,,,,,,,203462574.45,7468208.89,80000000.0,,,,,,23504399.72,6175185.63,,,1488434.54,17755837.54,,18831603.06,231062249.21,,,,,,,,,,378817709.7,,,,32471281.07,,,,39939489.96,,,,,,,,,,,,,,,,,418757199.66,,,,,1505418.54,-216800043.75,-215294625.21,203462574.45,,,,,,,,,,
38,000557.SZ,20100421,20100421,20100331,1,1,686133996.0,742971309.67,-1635270989.96,1749160.91,,294259.83,,,444104.85,146653917.73,,,,9067310.56,,,,,,,,,,156459592.97,,,53523619.65,,,,,1541667.72,,,,,,,,,,,,,55065287.37,,,,,,,,,,,,,,,,,211524880.34,7404370.21,80000000.0,,,,,,23504399.72,6175185.63,,,1439890.39,17761593.1,,18831603.06,226843002.9,,,,,,,,,,374555674.8,,,,32471281.07,,,,39875651.28,,,,,,,,,,,,,,,,,414431326.08,,,,,1510077.64,-204416523.38,-202906445.74,211524880.34,,,,,,,,,,
39,000557.SZ,20100421,20100421,20091231,1,1,686133996.0,742971309.67,-1631330642.58,1749160.91,,433134.53,,,444104.85,146534005.43,,,,9067310.56,,,,,,,,,,156478555.37,,,53523619.65,,,,,1613947.48,,,,,,,,,,,,,55137567.13,,,,,,,,,,,,,,,,,211616122.5,7340531.53,80000000.0,,,,,,23504399.72,6175185.63,,,1349423.26,17753717.85,,18831603.06,223152329.15,,,,,,,,,,370766658.67,,,,32471281.07,,,,39811812.6,,,,,,,,,,,,,,,,,410578471.27,,,,,1513827.23,-200476176.0,-198962348.77,211616122.5,,,,,,,,,,
40,000557.SZ,20091027,20091027,20090930,1,1,686133996.0,676026757.31,-1624216191.12,1749160.91,,1605114.9,,,281630.9,41187226.01,21440387.29,,,8669310.78,,,,,,,,,,73183669.88,,,56023619.65,,,,,1680038.25,,,,,,400000.0,,,,542614.91,,,58646272.81,,,,,,,,,,,,,,,,,131829942.69,7276692.85,100000000.0,,,,,,22999049.76,6022484.04,,,668611.32,17778705.06,,18831603.06,193434479.63,,,,,,,,,,359734932.87,,,,23530749.86,,,,30807442.71,,,,,,,,,,,,,,,,,390542375.58,,,,,1593844.01,-260306276.9,-258712432.89,131829942.69,,,,,,,,,,
41,000557.SZ,20090819,20090819,20090630,1,1,686133996.0,676026757.31,-1618759105.47,1749160.91,,23650267.38,,,345441.58,21236049.12,19704344.24,,,9649302.43,,,,,,,,,,74585404.75,,,56023619.65,,,,,1755624.37,,,,,,475250.0,,,,542614.91,,,58797108.93,,,,,,,,,,,,,,,,,133382513.68,7212854.17,100000000.0,,,,,,22999870.36,5926824.22,,,664171.61,18048172.92,,18831603.06,189407376.35,,,,,,,,,,355878018.52,,,,23530749.86,,,,30743604.03,,,,,,,,,,,,,,,,,386621622.55,,,,,1610082.38,-254849191.25,-253239108.87,133382513.68,,,,,,,,,,
42,000557.SZ,20090429,20090429,20090331,1,1,686133996.0,673627965.39,-1601304093.58,1749160.91,,25919350.54,,,757375.78,32679172.78,19605259.2,,,10940293.9,,,,,,,,,,89901452.2,,,56023619.65,,,,,1029884.64,,,,,,550500.0,,,,542614.91,,,58146619.2,,,,,,,,,,,,,,,,,148048071.4,7284920.23,100000000.0,,,,,,24467474.02,6317380.08,,,634320.49,17782347.01,,18831603.06,187324094.52,,,,,,,,,,355357219.18,,,,23530749.86,,,,30815670.09,,,,,,,,,,,,,,,,,386172889.27,,,,,1668153.41,-239792971.28,-238124817.87,148048071.4,,,,,,,,,,
43,000557.SZ,20090429,20090429,20081231,1,1,686133996.0,513436873.64,-1917915865.26,1749160.91,,30630277.06,,,3314316.02,9252072.62,2945187.47,,,58756997.96,,,,,,,,,,104898851.13,,,55723619.65,,,,,71883187.65,1659124.0,,,99111853.69,,625750.0,,,13216636.17,542614.91,,,242762786.07,,,,,,,,,,,,,,,,,347661637.2,7219821.51,254961043.77,,,,,,27100396.19,6426060.13,,,2048922.99,24121981.24,,18831603.06,348372158.15,,,,,,,,,,681862165.53,,,,375175484.87,,,,382395306.38,,,,,,,,,,,,,,,,,1064257471.91,,,,,,-716595834.71,-716595834.71,347661637.2,,,,,,,,,,
44,000557.SZ,20081029,20081029,20080930,1,1,605007626.0,594563243.64,-1699495589.88,1749160.91,,38706083.39,,,4309374.39,25633753.34,4140256.87,,,48313643.47,,,,,,,,,,121103111.46,,,65766287.57,,,,,74137159.23,1659124.0,,,100884574.9,,701000.0,,,13255115.86,1676940.45,,,258080202.01,,,,,,,,,,,,,,,,,379183313.47,7154722.79,254879869.77,,,,,,26060836.29,6772679.69,,,1535745.73,24732510.86,,18831603.06,364636119.75,,,,,,,,,,697449365.15,,,,172754784.86,,,,179909507.65,,,,,,,,,,,,,,,,,877358872.8,,,,,,-498175559.33,-498175559.33,379183313.47,,,,,,,,,,
45,000557.SZ,20080826,20080826,20080630,1,1,605007626.0,594563243.64,-1675854294.91,1749160.91,,44485373.85,,,3178134.43,27213236.14,2612963.75,,,44329479.43,,,,,,,,,,121819187.6,,,65766287.57,,,,,75864934.47,1634124.0,,,102657296.12,,776250.0,,,9301928.89,437244.31,,,256438065.36,,,,,,,,,,,,,,,,,378257252.96,7089624.07,257301643.77,,,,,,25763473.05,6480899.11,,,1441638.18,25467803.19,,18831603.06,360381373.55,,,,,,,,,,695668433.91,,,,150033432.22,,,,157123056.29,,,,,,,,,,,,,,,,,852791490.2,,,,,27.12,-474534264.36,-474534237.24,378257252.96,,,,,,,,,,
46,000557.SZ,20080425,20080425,20080331,1,1,605007626.0,594563243.64,-1660264647.64,1749160.91,,28529718.68,,6500000.0,7693667.47,43911785.06,2091038.71,,,40575358.91,,,,,,,,,,129301568.83,,,65766287.57,,,,,77639380.22,1634124.0,,,104344056.84,,851500.0,,,9397908.57,437244.31,,,260070501.51,,,,,,,,,,,,,,,,,389372070.34,7024525.35,257301643.77,,,,,,25604313.87,7782140.17,,,1918506.21,26438590.73,,18831603.06,353373915.93,,,,,,,,,,691250713.74,,,,150033432.22,,,,157057957.57,,,,,,,,,,,,,,,,,848308671.31,,,,,8016.12,-458944617.09,-458936600.97,389372070.34,,,,,,,,,,
47,000557.SZ,20080411,20080411,20071231,1,1,605007626.0,594563243.64,-1648825724.27,1749160.91,,34339025.22,,11080000.0,6694148.37,33251974.93,1526861.61,,,39888768.51,,,,,,,,,,126780778.64,,,65766287.57,,,,,78883711.14,1634124.0,,,106202738.54,,926750.0,,,9493888.24,437244.31,,,263344743.8,,,,,,,,,,,,,,,,,390125522.44,6959426.63,257302908.0,,,,,,25915209.57,6009210.62,,,1941850.47,25444613.63,,18831603.06,345184945.84,,,,,,,,,,680630341.19,,,,150033432.22,,,,156992858.85,,,,,,,,,,,,,,,,,837623200.04,,,,,8016.12,-447505693.72,-447497677.6,390125522.44,,,,,,,,,,
48,000557.SZ,20071025,20071025,20070930,1,1,605007626.0,594563243.64,-1679724464.19,3742700.88,,1994223.4,,,8432825.17,60845013.68,1051022.41,,,33429174.3,,,,,,,,,,105752258.96,,,65945826.4,,,,,70057342.87,138102164.96,,,,,1002000.0,,,9589867.92,307414.62,,,285004616.77,,,,,,,,,,,,,,,,,390756875.73,6894327.91,259813326.0,,,,,,26152596.13,5686717.64,,,1486162.53,23022649.81,132936555.6,18831603.06,230947544.24,,,,,,,,,,698877155.01,,,,161361436.22,,,,168255764.13,,,,,,,,,,,,,,,,,867132919.14,,,,,34850.26,-476410893.67,-476376043.41,390756875.73,,,,,,,,,,
49,000557.SZ,20070810,20070810,20070630,1,1,605007626.0,594563243.64,-1673464310.8,3742700.88,,775462.24,,2356049.0,9460625.57,42158225.3,1390147.11,,,32226743.95,,,,,,,,,,88367253.17,,,65945826.4,,,,,71353081.18,133203487.07,,,,,1077250.0,,,9685847.6,307414.62,,,281572906.87,,,,,,,,,,,,,,,,,369940160.04,6829229.19,259813326.0,,,,,,26669017.36,7327258.26,,,1454695.12,23698790.14,,18831603.06,208320387.41,125750307.3,,,,,,,,,671865384.65,,,,161361436.22,,,,168190665.41,,,,,,,,,,,,,,,,,840056050.06,,,,,34850.26,-470150740.28,-470115890.02,369940160.04,,,,,,,,,,
50,000557.SZ,20070427,20070427,20070331,1,1,605007626.0,595257925.78,-1671528563.16,3048018.74,,2889221.3,,2000000.0,2432486.3,46976585.93,3507361.28,,,32727875.89,,,,,,,,,,90533530.7,,,65945826.4,,,,0.0,72630281.2,127657318.34,,,,,1152500.0,,,9781827.26,307414.62,,,277475167.82,,,,,,,,,,,,,,,,,368008698.52,6764130.47,259813326.0,,,,,,23229124.9,1573158.63,,,3910727.47,30734733.96,,24370586.49,205726194.36,118611442.47,,,,,,,,,667969294.28,,,,161361436.22,,,,168125566.69,,,,,,,,,,,,,,,,,836094860.97,,,,,128830.19,-468214992.64,-468086162.45,368008698.52,,,,,,,,,,
51,000557.SZ,20080411,20070427,20061231,1,1,589572603.0,609998266.64,-1666501915.55,1749160.91,,2438034.19,,,17487316.65,50560801.1,695627.88,,,33835958.96,,,,,,,,,,105017738.78,,,65945826.4,,,,,73649008.19,9801885.92,,,114692625.74,,1227750.0,,,9877806.9,307414.62,,,275502317.77,,,,,,,,,,,,,,,,,380520056.55,6699031.75,259813326.0,,,,,,28898993.41,7879803.04,,,8524040.94,23677829.7,,30734733.96,318058600.06,,,,,,,,,,677587327.11,,,,161361436.22,,,,168060467.97,,,,,,,,,,,,,,,,,845647795.08,,,,,54146.47,-465181885.0,-465127738.53,380520056.55,,,,,,,,,,
52,000557.SZ,20061019,20061019,20060930,1,1,589572603.0,247270791.24,-1628297852.28,3742700.88,,1230471.5,,,8738775.32,108328825.61,450984.85,,,23468123.62,,,,,,,,,,142217180.9,,,65992117.5,,,,,75500347.16,153555768.23,,,,,1303000.0,,,12282085.35,,,,308633318.24,,,,,,,,,,,,,,,,,450850499.14,6589332.38,477027592.72,,,,,,25917122.2,13244032.78,,,6229740.74,22616586.27,,30734733.96,228237294.71,209461244.27,,,,,,,,,1013468347.65,,,,305363919.72,,,,311953252.1,,,,,,,,,,,,,,,,,1325421599.75,,,,-86873938.14,14594.69,-874585695.3,-874571100.61,450850499.14,,,,,,,,,,
53,000557.SZ,20060812,20060812,20060630,1,1,589572603.0,247224500.14,-1619325325.19,3742700.88,,1119753.14,,200000.0,11173595.0,98217594.58,856765.89,,,21996482.31,,,,,,,,,,133564190.92,,,65945826.4,,,,,76658530.08,149821975.58,,,,,1378250.0,,,12403343.23,,,,306207925.29,,,,,,,,,,,,,,,,,439772116.21,6524233.66,505927592.72,,,,,,27448154.72,9284884.24,,,5956095.94,22770622.6,,30734733.96,192545569.94,196869209.32,,,,,,,,,991536863.44,,,,305363919.72,,,,311888153.38,,,,,,,,,,,,,,,,,1303425016.82,,,,-84898591.9,31212.46,-863684113.07,-863652900.61,439772116.21,,,,,,,,,,
54,000557.SZ,20060419,20060419,20060331,1,1,505261380.0,227925723.14,-1604291159.78,3742700.88,,6854118.44,,2650000.0,10042989.45,54172398.96,147719.76,,,23196118.7,,,,,,,,,,97063345.31,,,65945826.4,,,,,78488416.18,142817477.77,,,,,1453500.0,,,109666640.83,,,,398371861.18,,,,,,,,,,,,,,,,,495435206.49,6459134.94,535927592.72,,,,,,27640352.72,5931219.79,,,5774836.91,22609502.28,,30734733.96,183582450.2,183622380.97,,,,,,,,,995823069.55,,,,438621919.72,,,,445081054.66,,,,,,,,,,,,,,,,,1440904124.21,,,,-78181373.56,73811.6,-945542729.32,-945468917.72,495435206.49,,,,,,,,,,
55,000557.SZ,20060304,20060304,20051231,1,1,505261380.0,227925723.14,-1593049808.07,3742700.88,,9755872.64,,2450000.0,8632443.71,58142491.99,795575.78,,,24224564.42,,,,,,,,,,104000948.54,,,65945826.4,,,,,79716158.9,139346932.49,,,,,1528750.0,,,111308384.03,,,,397846051.82,,,,,,,,,,,,,,,,,501847000.36,6394036.22,535927592.72,,,,,,31120837.73,6210069.5,,,5943801.33,23322996.29,,30734733.96,186186411.1,169508610.41,,,,,,,,,988955053.04,,,,438621919.72,,,,445015955.94,,,,,,,,,,,,,,,,,1433971008.98,,,,-76089191.15,85186.58,-932209195.2,-932124008.62,501847000.36,,,,,,,,,,
56,000557.SZ,20051025,20051025,20050930,1,1,505261380.0,218532767.69,-1629149947.36,3467492.61,,1685398.65,,,9616033.37,62251344.8,6525281.82,,,26621615.78,,,,,,,,,,106699674.42,,,68431010.95,,,,,81421814.69,149731834.14,,,,,1679000.0,,,112982157.0,,,,414245816.78,,,,,,,,,,,,,,,,,520945491.2,6328937.5,548424948.2,,,,,,31303368.56,19775521.27,,,5562493.86,21730532.4,,30734733.96,190691657.5,196526393.9,,,,,,,,,1044749649.65,,,,438580956.72,,,,444909894.22,,,,,,,,,,,,,,,,,1489659543.87,,,,-67146452.84,320707.23,-969034759.9,-968714052.67,520945491.2,,,,,,,,,,
57,000557.SZ,20050818,20050818,20050630,1,1,505261380.0,218532767.69,-1619667876.24,3467492.61,,1918016.17,,,6767304.78,51523307.51,799228.86,83750.0,,31550809.17,24975.06,,,,,,,,,92667391.55,,,68431010.95,,,,,82867400.06,143214986.21,,,,,1679250.0,,,114587370.38,,,,410780017.6,,,,,,,,,,,,,,,,,503447409.15,6263838.78,548424948.2,,,,,,30090185.31,9471211.94,,,5297258.31,20801123.06,,30734733.96,187413286.01,182837307.09,,,,,,,,,1015070053.88,,,,438580956.72,,,,444844795.5,,,,,,,,,,,,,,,,,1459914849.38,,,,-64408056.97,346852.68,-956814292.91,-956467440.23,503447409.15,,,,,,,,,,
58,000557.SZ,20050418,20050418,20050331,1,1,505261380.0,218486476.59,-1608289176.33,3467492.61,,1630424.97,,,7549158.5,57977427.75,3762810.56,83750.0,,25934404.46,,,,,,,,,,96937976.24,,,66895190.95,,,,,84686462.45,138612855.18,,,,,1754500.0,,,116233613.58,,,,408182622.16,,,,,,,,,,,,,,,,,505120598.4,6198740.02,529383985.2,,,,,,27886575.03,10843373.84,,,5110116.04,21580181.18,,30734733.96,178311634.42,166075139.48,,,,,,,26000000.0,,995925739.15,,,,438621919.72,,,,444820659.74,,,,,,,,,,,,,,,,,1440746398.89,,,,-55556167.33,1004193.97,-936629994.46,-935625800.49,505120598.4,,,,,,,,,,
59,000557.SZ,20050322,20050322,20041231,1,1,505261380.0,218486476.59,-1599899635.52,3467492.61,,1550431.75,,,6219692.6,61389517.37,1337688.8,83750.0,,28931859.5,,,,,,,,,,99512940.02,,,66431010.95,,,,,86150202.45,136673840.92,,,,,1829750.0,,,117875356.78,,,,408960161.1,,,,,,,,,,,,,,,,,508473101.12,6133641.34,529383985.2,,,,,,28696927.0,6065299.73,,,5327815.31,20560202.01,,30734733.96,186282788.68,156427296.78,,,,,,,26000000.0,,989479048.67,,,,438621919.72,,,,444755561.06,,,,,,,,,,,,,,,,,1434234609.73,,,,-54074753.12,997530.83,-926759039.44,-925761508.61,508473101.12,,,,,,,,,,
