,ts_code,ann_date,end_date,eps,dt_eps,total_revenue_ps,revenue_ps,capital_rese_ps,surplus_rese_ps,undist_profit_ps,extra_item,profit_dedt,gross_margin,current_ratio,quick_ratio,cash_ratio,ar_turn,ca_turn,fa_turn,assets_turn,op_income,ebit,ebitda,fcff,fcfe,current_exint,noncurrent_exint,interestdebt,netdebt,tangible_asset,working_capital,networking_capital,invest_capital,retained_earnings,diluted2_eps,bps,ocfps,retainedps,cfps,ebit_ps,fcff_ps,fcfe_ps,netprofit_margin,grossprofit_margin,cogs_of_sales,expense_of_sales,profit_to_gr,saleexp_to_gr,adminexp_of_gr,finaexp_of_gr,impai_ttm,gc_of_gr,op_of_gr,ebit_of_gr,roe,roe_waa,roe_dt,roa,npta,roic,roe_yearly,roa2_yearly,debt_to_assets,assets_to_eqt,dp_assets_to_eqt,ca_to_assets,nca_to_assets,tbassets_to_totalassets,int_to_talcap,eqt_to_talcapital,currentdebt_to_debt,longdeb_to_debt,ocf_to_shortdebt,debt_to_eqt,eqt_to_debt,eqt_to_interestdebt,tangibleasset_to_debt,tangasset_to_intdebt,tangibleasset_to_netdebt,ocf_to_debt,turn_days,roa_yearly,roa_dp,fixed_assets,profit_to_op,q_saleexp_to_gr,q_gc_to_gr,q_roe,q_dt_roe,q_npta,q_ocf_to_sales,basic_eps_yoy,dt_eps_yoy,cfps_yoy,op_yoy,ebt_yoy,netprofit_yoy,dt_netprofit_yoy,ocf_yoy,roe_yoy,bps_yoy,assets_yoy,eqt_yoy,tr_yoy,or_yoy,q_sales_yoy,q_op_qoq,equity_yoy
0,600687.SH,20190430,20190331,-0.061,-0.061,0.2543,0.2543,1.9493,0.05,0.2086,7089459.53,-97269030.99,51069481.67,1.8405,0.836,0.7904,0.1023,0.0371,0.7565,0.0333,-96415273.06,225547.53,,-292682472.96,-372586296.81,1433339910.1,456975639.35,4636476605.44,4438633004.49,4207607127.77,4684587006.01,8626710395.42,9486779220.24,384966530.42,-0.0606,3.212,0.0282,0.2586,-0.0064,0.0002,-0.1966,-0.2503,-24.031,13.4892,86.5108,33.2704,-24.031,5.6803,5.0489,22.5412,4.6756,125.4666,-22.4532,0.0596,-1.8676,-1.87,-2.0144,0.002,-0.8006,0.0025,-7.4704,0.008,57.3678,2.3456,2.3535,90.1627,9.8373,36.9831,48.873,50.4042,85.3912,14.6088,0.0075,1.3456,0.7326,1.0313,0.6447,0.9075,0.948,0.0064,2362.4672,-3.2024,-0.7935,507095539.16,-22.4816,5.6803,125.4666,-1.8676,-2.0144,-0.8006,11.088,-182.4324,-182.4324,106.2764,-152.5287,-152.5954,-181.9411,-188.88,106.2766,-206.4151,-1.9267,0.2209,-1.9282,-84.0277,-84.0277,-84.0277,93.1974,-22.9986
1,600687.SH,20190430,20181231,-0.783,-0.783,7.4148,7.4148,1.9493,0.05,0.2692,51452512.91,-1216394698.89,805286296.96,1.8575,0.9041,0.8642,3.8772,1.0779,21.5028,0.9103,-1220143995.0,-878684308.83,-826610734.12,-2051813283.56,-2376297417.78,1229552492.35,455301241.47,4722049729.71,4446644820.92,4302689331.45,4677916961.43,8628280473.87,9667169684.04,475146101.88,-0.7825,3.2751,-0.1392,0.3192,-0.5445,-0.5902,-1.3782,-1.5962,-10.6404,7.2953,92.7047,6.2383,-10.6404,1.6345,1.316,3.2878,11.8556,111.0536,-10.3484,-7.9602,-21.2299,-21.19,-22.1676,-7.2465,-9.6865,-8.4594,-21.2299,-7.2465,56.4384,2.2956,2.2098,89.2637,10.7363,37.9024,48.8462,50.4362,85.1475,14.8525,-0.038,1.2956,0.761,1.0326,0.6716,0.9112,0.9676,-0.0324,289.9056,-9.6865,-9.6073,501782653.38,-10.6045,1.8276,136.2737,-22.1005,-22.3206,-10.082,6.9386,-313.9344,-313.9344,86.9455,-243.9676,-247.014,-313.6908,-356.16,86.9407,-367.2932,-20.0552,-11.9938,-20.0538,34.3283,34.3283,17.4888,-1586.5141,-20.0538
2,600687.SH,20181031,20180930,0.031,0.031,5.0205,5.0205,1.9493,0.05,1.0831,39384135.2,7447939.64,650486738.54,1.813,0.7226,0.6176,3.1822,0.7257,14.455,0.5818,72803206.42,364774907.75,,-1596021170.3788,-1633118606.3388,1198792687.79,453405326.44,4976902866.48,4431600163.88,4449218978.94,4596945700.62,8507492371.59,11142005820.88,1686920362.7,0.0315,4.091,-0.3054,1.1331,-0.5264,0.245,-1.0721,-1.097,0.571,8.7033,91.2967,6.2114,0.571,1.5424,1.3483,3.3207,1.2422,99.0259,1.4358,4.8806,0.7684,0.77,0.1222,2.8395,0.3322,1.1964,1.0245,3.786,51.8133,2.0753,2.1079,80.1268,19.8732,34.7753,44.6679,54.6607,85.3003,14.6997,-0.0804,1.0753,0.9187,1.2237,0.6712,0.894,1.004,-0.0686,325.5531,0.4429,0.3645,513910941.05,1.5599,1.71,103.2969,-1.0013,-1.0842,-0.4817,15.6711,-86.7521,-86.7521,70.8059,-76.6393,-75.7779,-86.5374,-97.55,70.808,-86.9418,-0.1391,-0.8134,-0.1393,44.1838,44.1838,70.1423,-478.4082,3.0968
3,600687.SH,20180829,20180630,0.073,0.073,3.6362,3.6362,1.9493,0.05,1.1243,34313679.75,73793391.31,534833830.74,1.8932,0.7493,0.6176,2.6684,0.5165,10.3895,0.4154,140745434.61,293773414.06,314973171.21,-1333901769.4731,-1076338827.2531,1210050880.11,454323896.93,5272222278.12,4482849047.27,4513795332.9,5006849339.04,8612790294.53,11496999074.14,1748195358.92,0.0726,4.1302,-0.5223,1.1743,-0.5235,0.1973,-0.896,-0.723,1.9431,9.8801,90.1199,5.8834,1.9431,1.4786,1.3012,3.1037,1.1119,97.4,3.3512,5.4269,1.7654,1.76,1.205,2.2545,0.8072,1.5055,3.5308,4.509,52.7042,2.1144,2.1278,80.6315,19.3685,34.2958,45.8574,53.4813,80.8086,19.1914,-0.1387,1.1144,0.8864,1.1663,0.6507,0.8561,1.0069,-0.1121,296.4638,1.6144,0.8297,521862282.2,3.3443,1.3799,100.5974,-0.0315,-0.5769,-0.0279,-3.574,-57.3099,-57.3099,42.918,-44.6994,-46.7449,-57.4994,-65.4,42.9173,-59.7944,0.8177,2.0331,0.8189,36.2691,36.2691,60.7565,-87.9004,5.7083
4,600687.SH,20180428,20180331,0.074,0.074,1.5922,1.5922,1.9493,0.05,1.1656,610801.15,109443290.79,325602218.66,1.8889,0.6736,0.5307,1.3003,0.2256,4.515,0.1814,158924814.7,240270995.96,,-892221333.0112,-793205240.7412,1359253870.42,454259287.9,5138209860.42,4389141185.05,4575530165.3,5018978526.35,8557144584.38,11425928289.57,1809690991.96,0.0739,4.1713,-0.4493,1.2156,-0.4873,0.1614,-0.5993,-0.5328,4.5931,13.7366,86.2634,6.3776,4.5931,1.6053,1.4629,3.3093,0.3709,93.2952,6.8273,10.1366,1.7882,1.79,1.7783,1.8384,0.833,1.4303,7.1528,7.3536,52.5077,2.1056,2.1236,80.5583,19.4417,34.5598,44.9697,54.3495,81.2243,18.7757,-0.1184,1.1056,0.8933,1.2086,0.6582,0.8905,1.0425,-0.0962,352.3227,3.332,0.8421,529778070.17,6.8273,1.6053,93.2952,1.7882,1.7783,0.833,-28.2159,4.2254,4.2254,46.7969,25.7862,16.4005,3.9858,49.05,46.8002,-4.2473,1.821,2.6383,1.8224,13.9802,13.9802,13.9802,-51.5223,8.5984
5,600687.SH,20180426,20171231,0.366,0.366,5.5199,5.5199,1.9493,0.05,1.0917,70303093.6,474850025.55,1449098291.86,2.1714,0.912,0.7754,5.1924,0.8547,16.6765,0.6768,724645821.33,995932026.43,1034648928.28,-835531948.2968,-51908477.2868,1267595903.11,454114883.53,4999657819.47,3554655243.27,4468332183.5,5582142277.89,7634874493.22,11177413251.74,1699636900.02,0.3662,4.0967,-1.0663,1.1417,-0.745,0.669,-0.5612,-0.0349,6.8446,17.6342,82.3658,7.3469,6.8446,1.8597,1.9001,3.5872,0.9841,91.1817,9.6555,12.1196,9.3091,9.32,8.1086,8.2023,4.6323,6.6836,9.3091,8.2023,52.1072,2.088,2.0734,80.2184,19.7816,34.6406,44.73,54.5635,70.8982,29.1018,-0.3331,1.088,0.9074,1.2198,0.6648,0.8937,1.257,-0.2362,340.6207,4.6323,4.4898,537587523.13,9.6895,1.603,90.0854,3.2864,2.8477,1.7265,-0.9894,9.9099,9.9099,-6.9509,15.5419,11.4623,9.895,-13.78,-6.9476,1.1498,8.6456,13.2994,8.6459,-22.9405,-22.9405,-11.6775,153.961,8.6459
6,600687.SH,20171028,20170930,0.234,0.234,3.482,3.482,1.95,0.05,0.9592,43965928.03,303902240.1,895417998.82,1.9926,0.7539,0.5648,4.2457,0.5504,11.5968,0.4357,423853030.49,699661997.28,,-1186151079.9313,-352260009.2213,897745729.44,442844064.95,5103401061.62,3652027494.46,4302108594.08,4958498338.43,7604675810.35,11067479546.47,1502351949.0,0.2337,3.9681,-1.0461,1.0092,-0.5847,0.47,-0.7968,-0.2366,6.6362,17.2738,82.7262,8.3041,6.6362,2.0099,2.0821,4.2121,0.2712,91.8233,8.8667,13.4974,6.0389,6.04,5.2757,5.8812,2.8916,4.7755,8.0519,7.8416,51.9339,2.0805,2.0652,80.2203,19.7797,34.6719,46.1117,53.3758,77.5187,22.4813,-0.3118,1.0805,0.9167,1.1575,0.6676,0.843,1.178,-0.2417,390.5891,3.8555,2.9241,446895334.63,9.2852,2.9658,88.6657,1.5951,1.5463,0.7364,-16.1127,4.9327,4.9327,43.0353,2.7632,2.3658,4.5551,-32.66,43.035,-3.1959,5.2351,8.9862,5.2356,-28.2923,-28.2923,-43.767,-34.1195,8.0069
7,600687.SH,20170825,20170630,0.171,0.171,2.6684,2.6684,1.95,0.05,0.8964,41110894.14,213254889.63,587883278.43,1.9566,0.9286,0.7643,2.9303,0.4181,8.8229,0.3326,286570266.14,435534138.51,454220326.16,-756793566.194,318896519.166,862093742.03,445025967.5,5319722287.93,3199589013.35,4226022827.03,4949561358.38,7141563101.55,11194924840.56,1408849564.64,0.1709,3.9072,-0.915,0.9464,-0.1818,0.2926,-0.5084,0.2142,6.3506,14.7989,85.2011,7.0983,6.3506,1.7185,1.8357,3.5441,0.0405,92.7861,8.2613,10.9638,4.4508,4.44,3.7314,3.6466,2.1123,3.0681,8.9016,7.2932,53.0061,2.1279,2.0898,80.9771,19.0229,33.8027,47.5191,51.9584,78.0799,21.9201,-0.2633,1.1279,0.8777,1.0934,0.6377,0.7944,1.3208,-0.2056,314.5206,4.2246,2.1297,453405550.21,8.5573,1.9853,89.9959,2.5753,2.4244,1.2066,-5.5475,3.012,3.012,10.2237,1.9533,0.1961,2.7671,-41.53,10.2218,-4.8963,3.62,9.8116,3.6207,-21.7246,-21.7246,-31.1928,55.084,8.0579
8,600687.SH,20170429,20170331,0.071,0.071,1.3969,1.3969,1.95,0.05,0.8316,32407449.32,73428225.93,229565512.36,2.0639,0.9968,0.855,1.5584,0.2254,4.59,0.1788,97204393.73,205212589.76,,-1099393239.4311,-637756295.3911,971856318.89,444873462.5,4686998198.51,2877665045.39,4125642333.35,4936110578.94,6794606042.7,10465184555.56,1312424491.76,0.0711,3.8411,-0.8445,0.8816,-0.4425,0.1378,-0.7385,-0.4284,5.0574,11.0389,88.9611,6.3579,5.0574,1.4757,1.6997,3.1826,-0.3966,95.3258,6.1865,9.8679,1.868,1.87,1.296,1.764,0.9041,1.5265,7.472,7.056,51.3699,2.0563,2.0533,80.5914,19.4086,34.722,44.7866,54.6408,76.014,23.986,-0.271,1.0563,0.9368,1.22,0.6759,0.8802,1.4337,-0.206,280.3034,3.6164,0.9098,459051057.28,6.6853,1.4757,95.3258,1.868,1.296,0.9041,-60.4524,-48.1752,-48.1752,5.2189,-51.4148,-49.6428,-48.2395,-61.66,5.2223,-51.2557,1.867,4.3647,1.8669,-10.5168,-10.5168,-10.5168,-46.2851,6.1878
9,600687.SH,20170422,20161231,0.333,0.333,7.1631,7.1631,1.95,0.05,0.7605,-54703267.06,550770349.9,1436859920.84,2.042,1.0764,0.9515,11.1585,1.2833,24.7261,1.0315,797325853.5,871040530.01,905067828.9,-1420697244.5491,-630745527.5291,1196913018.32,313166587.5,4200866198.17,1920380645.25,4021183013.06,4531727102.71,5403385125.54,9874913648.68,1206588816.51,0.3332,3.7707,-0.997,0.8105,-1.1967,0.5851,-0.9543,-0.4237,4.7818,13.4741,86.5259,5.1324,4.7818,1.628,1.3675,2.1368,0.3838,92.5231,6.4402,8.1681,9.1911,9.18,10.2046,8.4258,4.9326,6.8012,9.1911,8.4258,50.162,2.0065,1.9154,78.0043,21.9957,35.32,42.5408,56.8457,76.153,23.847,-0.3413,1.0065,0.9829,1.3363,0.7041,0.9572,2.094,-0.2599,140.7386,4.9326,4.7986,464609801.65,6.6988,1.0272,95.1958,2.9479,1.7952,1.49,36.3793,3.4161,3.4161,-191.0099,43.2303,45.8622,42.732,75.09,-191.0031,31.7385,8.3441,22.5433,8.3449,20.561,20.561,31.1246,91.0377,8.3449
10,600687.SH,20161029,20160930,0.223,0.223,4.8558,4.8558,1.9636,0.0275,0.6732,-118576538.5,451289401.2,1066101111.16,2.0168,1.0107,0.8175,8.6169,0.8415,16.6561,0.686,632302631.51,638645253.3,,-2809281974.8166,-1243903666.4466,1202825192.3,303246025.0,4778660829.78,3030276834.19,3899736197.19,4760838433.23,6491619883.52,10279269469.0,1043234596.37,0.2235,3.6739,-1.8364,0.7008,-1.5725,0.429,-1.8871,-0.8356,4.666,14.7477,85.2523,5.569,4.666,1.9136,1.3252,2.3302,0.0328,91.2532,6.1872,8.8346,6.2478,6.24,8.4745,6.0604,3.2008,4.9029,8.3304,8.0805,53.3267,2.1426,1.9789,80.1235,19.8765,33.0897,46.4883,53.2084,74.4979,25.5021,-0.5839,1.1426,0.8703,1.1446,0.6205,0.8161,1.2869,-0.435,164.3453,4.2677,3.1573,467592769.17,6.5044,2.4126,93.7261,1.5701,1.5949,0.7587,-56.482,28.1609,28.1609,-131.8687,65.3314,67.9629,77.5072,166.93,-220.028,-42.7666,5.5627,26.8525,5.565,16.1161,16.1161,48.0633,119.6193,210.1461
11,600687.SH,20160820,20160630,0.166,0.166,3.409,3.409,1.9636,0.0275,0.616,-117228181.07,364744979.58,754572833.25,2.2408,1.5253,1.2703,6.7989,0.6174,12.5578,0.5007,497167347.33,407532585.49,424330683.94,-1647006729.197,-522007320.297,982192253.39,303974589.59,4281090129.06,1870415096.57,3805738583.18,4817739285.52,5307619570.86,9694062003.54,958038532.18,0.1663,3.6158,-1.0192,0.6435,-0.9913,0.2737,-1.1063,-0.3506,4.9447,14.8684,85.1316,4.8842,4.9447,1.7018,1.1837,1.9988,-0.1946,90.2036,6.3426,8.0302,4.686,4.67,6.9054,4.0209,2.4759,3.3301,9.372,8.0418,50.7026,2.0285,1.9188,79.2378,20.7622,34.6599,44.162,55.5284,69.7426,30.2574,-0.3908,1.0285,0.9669,1.2574,0.6836,0.889,2.0347,-0.2725,112.6983,4.9518,2.4421,404619197.97,6.6852,1.3948,91.3624,0.7995,3.2171,0.3991,-6.9367,-41.3428,-41.3428,27.4229,56.6693,67.3674,78.2992,182.51,-120.3825,-42.2164,3.8933,18.1866,3.8959,6.3748,6.3748,11.1252,-78.4414,208.5638
12,600687.SH,20160430,20160331,0.137,0.137,1.5611,1.5611,1.9636,0.0275,0.6167,12937732.49,191534172.99,376180665.64,2.0512,1.6105,1.4324,4.6269,0.2758,5.6984,0.2256,259548122.57,320725468.81,,-1187213403.6937,-29485350.1937,1470484113.19,8568575.09,4421153491.99,1323187989.1,3844546705.4,4669904224.23,4543951269.69,9834775186.83,959128890.05,0.1373,3.6172,-0.891,0.6443,-0.6458,0.2154,-0.7975,-0.0198,8.8835,16.1867,83.8133,5.1894,8.8835,2.0651,1.2033,1.9209,-0.6157,88.8319,11.3942,13.8005,3.8703,3.87,3.6254,3.1132,2.004,2.6292,15.4812,12.4528,52.1504,2.0899,1.95,80.5422,19.4578,33.981,44.9543,54.7552,75.2939,24.7061,-0.2986,1.0899,0.9127,1.218,0.6516,0.8696,2.9055,-0.2248,96.1321,8.016,1.9847,412159836.32,11.8796,2.0651,88.8319,3.8703,3.6254,2.004,-57.0753,-29.7436,-29.7436,-97.1239,110.3904,119.9677,113.497,108.92,-498.6613,-32.4792,3.9336,21.7773,3.9363,1.2512,1.2512,1.2512,26.7201,216.1944
13,600687.SH,20160316,20151231,0.322,0.322,5.9415,5.9415,1.9636,0.0275,0.4797,32993137.75,314558342.41,693954476.31,2.1485,1.7705,1.6957,14.975,1.6558,24.7761,1.3687,450508275.26,596273787.83,622100722.35,-58474011.184,1577001810.636,871705778.26,9780957.09,3227996245.85,-645957824.88,4288396660.83,4136512523.68,2992621367.1,8409098013.01,755183192.79,0.2335,3.4803,-0.3426,0.5073,2.2909,0.4005,-0.0393,1.0593,3.9293,7.8455,92.1545,2.7558,3.9293,0.1787,0.7382,1.8389,-0.0555,94.9068,5.4209,6.7412,10.2401,19.61,9.268,9.2269,5.3781,7.3124,10.2401,9.2269,44.2328,1.7932,1.904,83.2916,16.7084,46.1585,38.3869,61.6131,87.6453,12.3547,-0.1416,0.7932,1.2608,1.6051,1.0435,1.3285,,-0.1241,70.9615,5.3781,5.3781,408307302.15,5.5368,0.2544,92.6708,4.6112,4.1901,2.114,13.1398,-37.1094,-37.1094,88.5598,44.7071,43.632,38.3705,48.45,65.2598,-57.0842,6.1779,155.6501,222.4231,86.5371,86.5371,-4.4087,221.1495,222.4231
14,600687.SH,20151031,20150930,0.174,0.174,5.7722,5.7722,0.078,0.0087,0.543,18370817.8,169065394.7,418429343.19,1.3386,1.0173,0.9012,12.4115,1.6297,17.3825,1.3118,258511818.92,391676716.31,,-535855906.9864,375422374.8636,834699408.88,6004080.0,3253486010.0,2617796518.56,1253674066.38,1187603080.8,3224399599.36,5016987265.37,595067925.13,0.1738,1.6351,-0.792,0.5517,0.2032,0.3632,-0.4968,0.3481,3.0107,6.7211,93.2789,2.5805,3.0107,0.1468,0.639,1.7948,-0.0458,95.8476,4.3454,6.2914,11.1224,11.06,10.0323,8.253,3.9494,6.4108,14.8299,11.004,69.8943,3.3216,2.8162,80.1474,19.8526,21.4022,64.8494,35.1506,85.6625,14.3375,-0.2436,2.3216,0.4307,0.542,0.3062,0.3853,0.4789,-0.2086,65.6986,5.2659,3.9494,414063034.56,4.4966,0.2186,95.4861,2.7717,2.2781,0.8484,-11.3961,-1.1364,-1.1364,-18.3857,125.5399,132.7957,117.1587,114.4,-160.4655,77.8441,-50.1159,61.1868,9.7438,211.0668,211.0668,22.8452,-18.2517,22.1062
15,600687.SH,20150828,20150630,0.283,0.283,9.7316,9.7316,1.3717,0.0192,1.1555,9713142.31,129107897.89,303454925.23,1.359,1.1032,0.9724,8.4245,1.2906,13.236,1.033,192847069.88,252051707.31,264770903.95,-271717456.2252,1148068145.6248,848941886.68,4551891.24,3004809755.04,2368512049.68,1232219682.48,1174824600.69,2962336650.37,4749328763.59,575867464.53,0.2832,3.5585,-1.4043,1.1747,0.4065,0.5141,-0.5542,2.3418,2.9098,6.3606,93.6394,2.0963,2.9098,0.1249,0.4658,1.5056,0.1958,95.9578,4.3065,5.2831,8.2842,8.28,7.7046,5.4575,3.0058,4.3623,16.5684,10.915,68.8636,3.2117,2.7561,79.381,20.619,21.9928,63.2681,36.7319,84.8236,15.1764,-0.2104,2.2117,0.4521,0.5806,0.3194,0.4101,0.5203,-0.1784,53.6128,6.0116,3.0058,417134942.01,4.2489,0.1508,97.2924,2.4973,2.1713,0.8481,-18.8603,171.8447,171.8447,-126.3905,202.2316,198.0182,175.2213,158.88,-126.4018,121.9234,8.5637,54.1735,8.5625,483.8256,483.8256,673.041,-36.7596,24.0164
16,600687.SH,20150429,20150331,0.195,0.195,4.6819,4.6819,1.3717,0.0192,1.0677,4094043.07,91678668.11,151355412.09,1.5797,1.1771,1.0072,5.1271,0.6886,7.5319,0.561,125816967.38,154603803.83,,-383151489.6094,250747371.4906,632176652.77,5447973.98,2207914662.14,1592002138.17,1282285572.19,1365560065.49,2473162203.66,3910996183.22,532819135.51,0.1954,3.4739,-0.452,1.0868,0.4837,0.3154,-0.7816,0.5115,4.1726,6.5942,93.4058,1.6625,4.1726,0.0969,0.298,1.2675,-0.6231,94.5185,5.4835,6.7357,5.7869,5.79,5.5395,3.7788,2.3409,3.3347,23.1476,15.1152,62.5583,2.6708,2.4721,81.8105,18.1895,28.1906,56.454,43.546,82.7854,17.2146,-0.0941,1.6708,0.5985,0.7714,0.4506,0.5808,0.8055,-0.0779,53.4848,9.3636,2.3409,304791449.66,5.4682,0.0969,94.5185,5.7869,5.5395,2.3409,-9.6531,101.0309,101.0309,-793.2806,156.5521,155.8334,160.9378,154.76,-1060.9703,117.804,5.9827,25.1649,5.9838,361.8895,361.8895,361.8895,-40.4647,19.8039
17,600687.SH,20150210,20141231,0.512,0.512,9.6723,9.6723,1.3717,0.0192,0.8723,39285683.05,211888887.38,403114676.75,1.7509,1.297,1.2267,14.8147,2.1992,15.0325,1.6735,292334621.44,363148554.08,384952961.78,-868648984.8862,405875010.0638,464149481.41,5447973.98,1557577984.07,1178807351.45,1290744952.79,1263265017.92,2102672369.37,3164504126.24,437046424.33,0.5123,3.2778,-2.9947,0.8915,-0.3637,0.7407,-1.7719,0.8279,5.297,8.5013,91.4987,1.5723,5.297,0.0914,0.6346,0.8463,0.6066,93.8349,6.9879,7.6585,16.7983,16.8,14.1709,12.8166,8.8647,11.0288,16.7983,12.8166,55.782,2.2615,1.895,81.0542,18.9458,35.5176,49.2203,50.7797,82.9887,17.0113,-0.8727,1.2615,0.7927,1.0317,0.6367,0.8287,1.095,-0.7242,60.5865,8.8647,8.8647,309745877.83,7.1908,0.064,93.2701,10.8065,8.7202,5.0054,-41.606,129.5964,129.5964,-48.3994,95.0211,99.3029,180.9261,55.61,-92.9225,141.876,-10.6574,78.7797,16.1447,236.7763,236.7763,189.8927,306.8213,16.1447
18,600687.SH,20141030,20140930,0.176,0.176,4.0824,4.0824,1.3717,0.0192,0.536,7457492.55,78855516.8,163194125.71,1.5457,1.2849,1.2382,11.9981,1.1035,6.3154,0.8028,107906337.13,140563964.79,,-180124211.1117,185956848.6883,629631688.46,79465.65,879284555.18,336353521.04,1221626976.89,798060384.07,1088013905.11,2323519946.29,272184863.25,0.1761,2.9459,-0.669,0.5552,0.0774,0.2867,-0.3674,0.3793,4.3127,8.1541,91.8459,2.1169,4.3127,0.1291,0.9729,1.0149,0.496,94.6084,5.9932,7.0234,6.1046,6.09,5.5772,5.6384,3.4622,5.0319,8.1395,7.5179,51.0964,2.0448,1.7632,76.5459,23.4541,41.3658,37.8428,62.1572,96.9198,3.0802,-0.2243,1.0448,0.9571,1.6425,0.8096,1.3893,3.632,-0.2173,58.6661,4.6163,3.4622,317814027.45,6.0084,0.0269,96.5678,2.5166,2.0333,1.3741,-2.0165,-49.8575,-49.8575,14.2637,-17.5534,-17.9365,-21.8957,1464.8297,-33.6127,-76.971,-19.704,45.2843,4.3858,332.5682,332.5682,2159.3995,174.6431,239.1559
19,600687.SH,20140828,20140630,0.103,0.103,1.6669,1.6669,1.3717,0.0192,0.4628,568248.51,49871541.94,92757391.81,1.9294,1.538,1.418,24.5057,0.556,2.5646,0.38,67261992.46,77628572.39,87079300.08,-107670130.9596,114273261.6304,332836808.04,0.0,528624630.0,163175282.64,1184236460.95,757548188.38,874323471.02,1935309146.33,236311644.35,0.1029,2.8693,-0.6203,0.482,-0.2843,0.1583,-0.2196,0.2331,6.1725,11.351,88.649,2.9264,6.1725,0.2772,1.4463,1.2029,-0.0969,91.769,8.319,9.4996,3.6154,3.58,3.5747,3.6099,2.3456,3.1787,7.2308,7.2198,37.9809,1.6124,1.5414,69.3346,30.6654,52.2117,27.3147,72.6853,94.6138,5.3862,-0.3731,0.6124,1.6329,2.661,1.3747,2.2402,7.2575,-0.353,60.7846,4.6912,2.3456,320856241.55,8.3238,0.6304,95.9258,0.9714,0.9819,0.6258,-88.9981,-65.2027,-65.2027,47.15,-44.4854,-44.6088,-45.7601,324.894,17.6358,-84.4013,-21.7919,11.5815,1.6717,99.1846,99.1846,14.3472,-61.4319,247.7196
20,600687.SH,20140430,20140331,0.097,0.097,1.3177,1.3177,2.0832,0.0249,0.6453,717318.91,35985950.25,65170280.71,2.2436,1.9022,1.8167,14.213,0.3508,1.547,0.2392,54214717.26,54433280.24,,-86362437.5675,-86362437.5675,396338246.69,79465.65,303979262.59,-146192811.06,1244402216.41,812974968.31,620182157.25,1725536364.4,252744058.11,0.0973,3.7696,-0.0506,0.6702,-0.145,0.1443,-0.229,-0.229,7.3859,13.1145,86.8855,2.1747,7.3859,0.0496,1.0437,1.0814,-0.3414,89.0902,9.8724,10.9538,2.6169,2.62,2.5657,2.6203,1.7668,2.387,10.4676,10.4812,33.0072,1.4927,1.4811,69.1199,30.8801,58.6442,17.6165,82.3835,93.3353,6.6647,-0.0292,0.4927,2.0296,4.6765,1.7767,4.0937,,-0.0272,41.1687,7.0672,1.7668,325874682.73,9.8724,0.0496,89.0902,2.6169,2.5657,1.7668,-3.8405,-47.2826,-47.2826,95.2264,-37.8775,-37.2269,-36.5796,164.6022,94.3291,-82.803,2.7475,4.3896,2.7466,281.6677,281.6677,281.6677,100.8698,268.7876
21,600687.SH,20140328,20131231,0.31,0.31,3.7336,3.7336,2.0832,0.0249,0.5479,-46759770.88,136169258.0,233925198.81,2.2683,2.084,2.0749,56.3686,1.4677,8.6423,1.057,136714824.72,183346589.45,200177684.06,-452775411.2723,-438775411.2723,346004263.81,79465.65,303086137.41,-201751327.18,1204293370.87,764159081.22,515807754.04,1686641912.54,216040788.94,0.2371,3.6688,-2.018,0.5729,0.4724,0.4862,-1.2006,-1.1635,6.3501,16.6141,83.3859,5.183,6.3501,0.0434,4.163,0.9765,1.3356,90.2901,12.0673,13.0218,10.248,16.28,15.6076,13.7642,6.7122,9.1912,10.248,13.7642,31.9359,1.4692,1.5268,67.2324,32.7676,59.2452,17.9698,82.0302,92.8094,7.1906,-1.2631,0.4692,2.1313,4.5649,1.8551,3.9734,,-1.1723,54.9341,6.7122,6.7122,332249214.11,12.1507,0.0472,84.6369,-2.3323,15.69,-1.4367,-54.5361,-45.3263,-45.3263,-428.2723,69.5477,62.3517,24.1794,169.58,-3383.1718,-58.706,28.8293,107.1965,200.72,-7.4094,-7.4094,141.872,0.982,200.72
22,600687.SH,20131030,20130930,0.351,0.351,1.4708,1.4708,,,0.3537,116287666.94,-5777681.8,76388447.69,1.2355,0.971,0.9249,29.0321,0.9389,3.5797,0.6025,-8516020.5,153880955.25,,3518371.9744,-6481628.0256,230881086.25,0.0,247820000.0,-41622436.76,321243884.47,82667846.47,-86654590.29,673652328.33,111257083.33,0.3513,1.3537,-0.7803,0.3537,-0.1018,0.4892,0.0112,-0.0206,23.8852,16.5103,83.4897,17.4986,23.8852,0.0359,15.8748,1.5879,0.3155,101.8406,31.4442,33.2592,28.0771,22.75,-1.4679,20.0378,14.3902,21.6509,37.4361,26.7171,52.9224,2.1242,1.9511,47.9439,52.0561,35.5149,36.7875,63.2125,73.3236,26.6764,-0.6993,1.1242,0.8896,1.7183,0.6711,1.2963,,-0.5128,113.6036,19.1869,14.3902,285347169.4,31.6713,0.3166,55.3507,4.4975,3.9495,2.1822,236.0907,137.1622,137.1622,-328.7363,875.8828,519.8957,490.0151,-184.9,-960.2433,345.1833,-52.47,-7.8006,-7.4441,-59.0495,-59.0495,-92.9744,-44.379,32.5331
23,600687.SH,20130725,20130630,0.296,0.296,1.3042,1.3042,0.0,0.0,0.286,115169492.86,-22175576.06,47090063.5,1.4634,1.3506,1.2967,8.0608,0.8602,3.9246,0.5705,-30760132.94,125206822.67,131246254.87,32914790.6853,32914790.6853,212647709.1,0.0,189700000.0,-58848578.75,299184385.59,127275150.67,-59273428.08,594245702.06,89970457.06,0.2956,1.286,-1.1737,0.286,-0.2318,0.398,0.1046,0.1046,22.6671,11.4781,88.5219,17.3737,22.6671,,16.7278,0.6459,1.1111,107.4977,29.8481,30.5189,24.2835,24.28,-5.7907,17.4108,12.9314,19.1047,48.567,34.8216,49.8638,1.9946,1.8779,49.8111,50.1889,37.0786,31.9228,68.0772,68.2613,31.7387,-1.3443,0.9946,1.0055,2.1326,0.7436,1.5771,,-0.9176,80.9584,25.8628,12.9314,223680366.31,29.932,,84.6841,8.8912,8.488,4.5072,-11.6645,2287.0968,2287.0968,-4189.547,9191.0767,17415.7887,5831.7042,-2725.1517,-10224.4566,4359.4984,-54.8423,-17.753,-12.0708,6.8883,6.8883,9.8726,-44.938,33.0128
24,600687.SH,20130426,20130331,0.184,0.184,0.4139,0.4139,0.0187,,0.2067,113576831.22,-55703869.08,675214.22,1.4838,1.3981,1.3421,,0.2875,1.2366,0.1883,-73653778.18,78024829.14,,81120092.9808,81120092.9808,176367896.12,0.0,189700000.0,-124582901.46,279561361.5,115325167.76,-136957733.7,575167698.66,65011738.35,0.184,1.2254,-1.06,0.2067,-0.0229,0.248,0.2579,0.2579,44.449,0.5186,99.4814,57.5688,44.449,,57.6678,-0.099,-0.4849,156.5694,60.6537,59.9265,15.4984,15.5,-14.9175,11.2841,8.3697,11.8697,61.9936,45.1364,48.7093,1.9497,1.8517,47.0627,52.9373,37.1987,32.9817,67.0183,65.1158,34.8842,-1.4118,0.9497,1.053,2.032,0.7637,1.4737,,-0.9193,78.5203,33.4788,8.3697,216007325.14,60.0255,,156.5694,15.4984,-14.9175,8.3697,-258.4746,18300.0,18300.0,-10500.0,471.8805,471.318,57264.8928,-39953.2989,-22189.7741,44943.5557,-56.84,-23.3957,-16.2174,0.9883,0.9883,0.9883,19.6559,27.3543
25,600687.SH,20130228,20121231,0.463,0.463,11.6149,11.6149,0.0518,0.3641,1.432,8271442.93,50511651.79,119667276.24,2.3687,1.4864,1.4643,303.8151,2.3676,398.037,2.143,75052248.7,79740787.14,81308629.65,55184224.9737,28184224.9737,233010934.66,,0.0,-301365392.55,355883219.46,318921867.28,17556474.73,398364924.12,227894863.7,0.4633,2.8478,-0.382,1.796,0.137,0.6284,0.4349,0.2221,4.4186,8.1197,91.8803,1.9078,4.4186,0.5419,1.7935,-0.4276,-0.1344,94.9076,5.4897,5.4106,17.6739,17.67,15.187,11.5949,9.469,15.8752,17.6739,11.5949,36.9053,1.5849,2.0677,87.4175,12.5825,56.3663,0.0,90.7097,100.0,,-0.208,0.5849,1.5508,,1.5273,,,-0.208,57.995,9.469,8.5475,3041648.47,5.8415,1.6737,82.4341,11.7344,11.305,6.664,-7.3612,-34.7887,-34.7887,-153.0556,-38.2459,-33.5642,-34.9411,-6.06,-153.017,-45.2961,18.9259,-15.146,18.929,-6.7737,-6.7737,-45.7513,385.6473,18.929
26,600687.SH,20121030,20120930,0.148,0.148,8.9041,8.9041,0.0518,0.3617,1.1187,6805670.4,11924355.53,34290364.92,1.7087,1.0018,0.9937,143.1235,1.7536,316.7833,1.5621,14631801.42,19042951.23,,84375486.3826,57375486.3826,348569317.53,,0.0,-300806244.98,311471877.9,247014444.15,-53791800.83,353920680.99,187841794.91,0.1476,2.5322,-0.182,1.4804,0.1318,0.1501,0.665,0.4522,1.83,3.035,96.965,1.7335,1.83,0.1974,1.9429,-0.4067,-0.3676,98.705,1.3195,1.6855,5.9922,5.99,3.8149,2.6329,2.8587,4.6564,7.9896,3.5105,49.6191,1.9849,2.314,84.7818,15.2182,44.3383,0.0,90.7838,100.0,,-0.0664,0.9849,0.9218,,0.8936,,,-0.0664,59.5788,3.8116,2.5896,2769477.56,2.0922,0.1765,97.9181,5.488,4.0641,2.6707,-3.5922,-75.2094,-75.2094,-119.69,-86.1628,-77.859,-75.2686,-74.8401,-119.8523,-77.738,5.86,-5.5886,5.7468,19.328,19.328,8.194,208.7963,11.0922
27,600687.SH,20120731,20120630,0.0124,0.0124,3.0249,3.0249,0.0518,0.3617,0.9834,2352677.67,-784934.0,1289302.19,1.5693,0.9377,0.9368,89.1642,0.5726,86.9655,0.5148,-899183.15,-2576837.62,-1651238.24,82688451.45,68628451.45,399682594.95,,12940000.0,-295208782.42,294426989.22,234925736.23,-60283046.19,347502480.6,170679512.65,0.0124,2.3969,0.0287,1.3451,0.1897,-0.0203,0.6517,0.5409,0.3434,0.3359,99.6641,1.2362,0.3434,0.238,1.8458,-0.8477,-0.7022,100.2343,0.3434,-0.6714,0.5157,0.52,-0.2582,-0.3456,0.1768,-0.7269,1.0314,-0.6912,55.2236,2.2333,2.4528,86.6651,13.3349,39.4048,3.7237,87.5218,100.0,,0.0088,1.2333,0.7371,23.5039,0.7136,22.7532,,0.0088,115.5189,0.3536,0.2103,18617378.67,0.1827,0.0949,106.0109,0.4835,-0.2129,0.1748,2.023,-95.9477,-95.9477,-95.49,-97.7337,-98.791,-95.9608,-103.73,-95.4918,-96.6492,0.096,0.4183,0.0984,49.1628,49.1628,475.0409,-190.4557,20.5468
28,600687.SH,20120427,20120331,0.001,0.001,1.0161,1.0161,0.0518,0.3325,1.001,239960.04,-139074.36,494026.29,1.683,1.1205,1.0456,27.057,0.1877,30.0683,0.174,14422216.41,10968789.97,,48719799.0462,48719799.0462,377341974.98,,27000000.0,-298530437.11,307085353.79,276164604.08,-22365833.03,360264409.04,169212654.66,0.0008,2.3853,-0.01,1.3336,0.3267,0.0864,0.384,0.384,0.0155,0.3832,99.6168,0.1663,0.0155,0.5209,1.748,-2.1026,-11.0087,88.8136,10.7108,8.5078,0.0333,0.039,-0.0459,1.4806,0.0027,0.0045,0.1332,5.9224,54.8181,2.2133,2.4429,92.2588,7.7412,41.6327,7.4945,84.0143,100.0,,-0.0037,1.2133,0.7486,11.2101,0.7595,11.3735,,-0.0037,160.724,0.0108,0.0136,18664874.55,10.6103,0.5209,88.8136,0.0333,-0.0459,0.0027,-1.1711,-99.2647,-99.2647,-100.29,-47.4541,-47.5632,-99.4134,-100.9415,-101.8681,-99.5529,-0.21,-0.8691,-0.3844,-39.4683,-39.4683,-39.4683,-40.6733,31.2051
29,600687.SH,20120120,20111231,0.71,0.71,12.4588,12.4588,0.0518,0.3325,1.0103,36584569.2,53769145.48,146892058.48,1.6921,1.1506,1.0374,123.9566,2.1436,128.0724,1.9659,102737953.89,113729345.5,115748310.31,208988918.5662,135988918.5662,382559701.03,0.0,27000000.0,-257081010.21,294746689.14,283456154.44,26375144.23,361513262.21,170380654.61,0.7121,2.3946,0.72,1.3428,1.8407,0.8963,1.647,1.0717,6.2897,9.2918,90.7082,0.7879,6.2897,0.6093,1.1401,-0.9615,-0.3604,93.5012,8.2874,7.194,34.9308,34.93,20.7872,14.1428,12.3649,25.0547,34.9308,14.1428,55.0429,2.2243,3.1089,93.1382,6.8618,39.6126,7.4686,84.0471,100.0,0.0,0.2232,1.2243,0.7419,11.2534,0.7197,10.9165,,0.2232,81.7496,12.3649,11.2359,19115512.76,8.1972,1.0283,97.4666,4.9303,2.1498,2.0557,-4.0786,4337.5,4337.5,-59.09,1926.7367,2069.2334,4258.3579,2390.5021,-59.1864,2962.308,42.26,-13.9036,42.3227,1149.3783,1149.3783,1242.1423,-53.056,42.3227
30,600687.SH,20111027,20110930,0.597,0.597,7.4619,7.4619,0.0518,0.3179,0.9096,28339645.69,47394269.91,103550760.34,1.585,1.0722,0.9542,74.3441,1.2155,76.3648,1.1126,86674638.24,93081169.3,,189690997.0404,119690997.0404,489535046.15,0.0,30000000.0,-234477355.85,275903839.0,286399812.39,21922456.54,348253760.8,155760855.53,0.5969,2.2793,0.924,1.2275,1.6863,0.7336,1.4949,0.9433,8.7844,10.9366,89.0634,-0.0603,8.7844,0.3287,1.056,-1.4451,-0.9078,90.8458,11.3788,9.8308,30.1303,30.13,18.8555,10.9377,9.7734,21.2236,40.1737,14.5836,62.0127,2.6325,3.3857,92.617,7.383,32.9324,8.6144,83.0491,94.2256,5.7744,0.2396,1.6325,0.5567,9.6407,0.5311,9.1968,,0.2258,108.8744,13.0312,8.8993,19524636.36,11.2759,0.2665,94.0831,13.636,9.7226,4.7498,5.2788,8428.5714,8428.5714,443.4944,2466.509,2573.2897,8579.9132,4799.2301,443.8266,6271.0106,35.49,-3.0598,35.4746,1094.1098,1094.1098,1314.519,55.5578,36.2408
31,600687.SH,20110824,20110630,0.306,0.306,2.0279,2.0279,0.0518,0.3179,0.6187,17743495.62,21069338.65,67011307.86,1.454,0.9249,0.8688,11.4924,0.3303,12.7595,0.3016,45876505.4,47282703.46,48359343.71,22041845.7098,-19958154.2902,505879829.93,121963.12,58000000.0,-17281940.27,235736246.89,242388057.71,195106117.44,336351707.53,118839774.2,0.3059,1.9884,0.637,0.9366,0.1952,0.3726,0.1737,-0.1573,16.8162,26.0423,73.9577,-0.8837,16.8162,0.4957,2.645,-4.0244,1.4891,82.1712,22.6004,18.3753,16.6654,16.66,9.0467,5.5412,5.0711,10.51,33.3308,11.0824,66.9555,3.0262,3.6639,92.1546,7.8454,27.9854,17.2439,75.011,94.6592,5.3408,0.1515,2.0262,0.4473,4.35,0.418,4.0644,,0.1434,341.4544,10.1422,4.5486,20009790.1,22.535,1.2581,58.2408,8.9499,2.6077,2.8761,0.157,981.8444,981.8444,303.7096,1311.6353,1288.725,981.3817,582.0029,303.8581,823.1681,18.19,-2.5316,18.1803,742.3834,742.3834,188.6346,21.2879,21.8779
32,600687.SH,20110428,20110331,0.136,0.136,1.6786,1.6786,0.0518,0.3179,0.4483,2427599.93,14771875.89,50973112.8,1.369,0.9163,0.8184,19.0644,0.2777,10.4571,0.2509,27366192.01,22205607.76,,-53989829.3478,-53989829.3478,479130080.19,0.0,100000000.0,64436367.21,214052857.07,202650702.32,237087069.53,354254094.22,97226415.75,0.1355,1.818,0.637,0.7662,-0.1178,0.175,-0.4255,-0.4255,9.002,23.9321,76.0679,0.0933,9.002,0.337,1.5789,-1.8227,2.6743,87.1514,12.3386,10.4256,7.7445,7.74,6.6514,2.6161,2.2589,4.735,30.978,10.4644,69.4914,3.2778,3.822,90.2082,9.7918,25.6848,28.2283,65.1192,94.8198,5.1802,0.1472,2.2778,0.3983,2.3069,0.3696,2.1405,3.3219,0.1396,186.6492,9.0356,2.0263,20412327.76,12.2483,0.337,87.1514,7.7445,6.6514,2.2589,37.9451,416.2791,416.2791,444.3243,493.6254,486.958,416.4639,373.5071,444.7602,382.5694,8.08,-3.5695,8.0564,1302.2639,1302.2639,1302.2639,1059.5203,11.9951
33,600687.SH,20110428,20101231,0.016,0.016,0.9972,0.9972,0.0518,0.3179,0.3128,4420596.61,-2347482.92,42573808.75,1.3051,0.6269,0.6252,8.3465,0.1903,5.9907,0.1699,8455991.67,-1313558.68,842029.47,18912096.8461,16912096.8461,529151892.67,0.0,100000000.0,49488779.09,197367198.89,182775545.16,202264324.25,335080751.21,80026939.93,0.0163,1.6825,1.76,0.6307,-0.2151,-0.0104,0.149,0.1333,2.2914,33.6463,66.3537,9.6481,2.2914,2.98,12.0208,-5.3527,10.3894,93.3172,5.1088,-1.0381,0.9758,0.98,-1.105,-0.1764,0.3893,-0.1905,0.9758,-0.1764,72.7989,3.6763,3.5057,90.4765,9.5235,22.8373,29.8436,63.7124,95.2317,4.7683,0.3739,2.6763,0.3393,2.1349,0.3137,1.9737,3.9881,0.3561,1662.5651,0.3893,0.2784,20323618.13,4.7212,3.8205,95.0273,0.564,-1.5571,0.186,546.3865,-54.2857,-54.2857,758.53,20.6315,-23.863,-53.2583,76.47,759.2839,-53.7122,0.96,38.2048,0.9806,-34.7353,-34.7353,11.5687,-74.8102,0.9806
34,600687.SH,20101029,20100930,0.0069,0.0069,0.6249,0.6249,0.0518,0.3179,0.3033,-94862.72,967381.99,26270670.23,1.5428,0.6712,0.6122,9.6363,0.1348,3.7256,0.1185,6106798.91,-4587026.08,,-12829623.7411,-12829623.7411,377697703.63,0.0,102000000.0,44216834.05,195596324.83,221304664.37,193521498.42,335613284.61,78826345.51,0.0069,1.673,-0.269,0.6212,-0.1578,-0.0362,-0.1011,-0.1011,1.8059,33.1317,66.8683,5.6531,1.8059,2.4792,13.9956,-10.8217,11.6056,92.2983,5.2942,-5.785,0.4119,0.41,0.4566,-0.6853,0.2139,-0.4911,0.5492,-0.9137,67.2494,3.0534,3.1594,88.1807,11.8193,27.4209,30.3921,63.2535,84.9905,15.0095,-0.0837,2.0534,0.4425,2.0812,0.4077,1.9176,4.4236,-0.0711,1822.039,0.2852,0.1304,20646031.46,5.0367,1.2957,78.2603,2.5167,2.5464,0.8589,11.4201,-82.8358,-82.8358,-205.19,-14.0908,-47.1105,-82.8765,111.9585,-205.1913,-82.8937,0.42,14.07,0.4127,-47.6741,-47.6741,117.6369,379.4239,0.1001
35,600687.SH,20100824,20100630,-0.0347,-0.0347,0.2407,0.2407,0.0518,0.3179,0.2617,-32428.98,-4371206.11,12639766.71,1.5246,0.6034,0.5322,4.1194,0.0541,1.4181,0.0468,-4490323.97,-7979638.09,-6917855.68,-18566101.34,-48566101.34,381376078.49,0.0,72000000.0,62404797.78,191012640.35,200052890.39,190457688.17,299625193.42,73550191.15,-0.0347,1.6314,-0.3127,0.5796,-0.5376,-0.0629,-0.1463,-0.3827,-14.9157,41.3791,58.6209,18.9848,-14.9157,4.3678,24.7708,-10.1538,28.6488,114.7001,-15.7128,-26.1231,-2.1049,-2.1,-2.0894,-1.2217,-0.6976,-2.518,-4.2098,-2.4434,66.5749,2.9918,3.122,85.3785,14.6215,28.0488,24.03,69.09,84.1191,15.8809,-0.104,1.9918,0.4566,2.8752,0.4213,2.653,3.0609,-0.0875,3566.2006,-1.3952,-0.6742,21162577.96,-15.9693,2.9776,85.7133,0.4994,0.4987,0.1775,-105.7279,-268.4466,-268.4466,-162.35,-219.2013,-217.3884,-268.5458,49.51,-162.3553,-270.6473,-2.1,8.9031,-2.0829,-76.3458,-76.3458,-82.3567,128.1099,-1.2315
36,600687.SH,20100430,20100331,-0.0428,-0.0428,0.1197,0.1197,0.0518,0.3175,0.254,-33981.73,-5400911.22,6672687.39,1.6027,0.6347,0.5247,1.3284,0.0272,0.6996,0.0237,-6684360.2,-6483753.18,,-16909603.06,-16909603.06,325888375.94,0.0,102000000.0,52471265.52,192662760.28,214491264.48,194962530.0,328440253.64,72518933.29,-0.0428,1.6233,-0.185,0.5715,-0.2228,-0.0511,-0.1333,-0.1333,-37.7978,43.9309,56.0691,40.6608,-37.7978,5.7734,33.1889,1.6985,38.818,144.0078,-43.9555,-42.6871,-2.6042,-2.604,-2.5879,-1.0134,-0.8973,-1.957,-10.4168,-4.0536,65.3935,2.8896,3.0658,87.1702,12.8298,29.4443,31.0559,62.7146,83.1732,16.8268,-0.0659,1.8896,0.4814,2.0194,0.4503,1.8889,3.6718,-0.0548,3726.2873,-3.5892,-0.8494,21503340.62,-44.3856,5.7734,144.0078,-2.6042,-2.5879,-0.8973,-154.3365,-748.4848,-748.4848,-152.71,-353.0735,-360.1421,-748.6459,-719.8069,-152.5679,-762.1657,-2.58,4.6377,-2.5707,-63.9163,-63.9163,-63.9163,-1513.4603,-2.0417
37,600687.SH,20100430,20091231,0.035,0.035,1.5279,1.5279,0.0518,0.3179,0.2964,14411189.61,-9975931.08,31600243.7,1.7051,0.618,0.3918,9.9263,0.3979,8.0651,0.3335,-6424879.63,9098819.72,12114755.72,-30018427.9263,-24018427.9263,291146156.91,0.0,102000000.0,24194377.46,201328232.39,226446867.5,178641244.96,334181373.45,77953826.24,0.035,1.6661,0.205,0.6143,0.5719,0.0717,-0.2366,-0.1893,2.2144,16.2991,83.7009,12.3441,2.2144,2.1731,9.525,0.6461,0.9881,103.3139,2.764,4.6931,2.1096,2.11,-4.745,1.565,0.7384,1.5096,2.1096,1.565,62.8704,2.6933,2.7654,87.569,12.431,32.1956,30.5223,63.2635,81.6862,18.3138,0.0812,1.6933,0.5378,2.0727,0.5121,1.9738,8.3213,0.0663,764.57,0.7384,0.7628,21919436.57,4.047,1.9262,98.878,-0.3118,-0.8909,-0.0843,-15.019,59.0909,59.0909,-80.1,-54.9295,-31.6439,56.0997,-487.32,-79.9716,54.3687,1.09,16.341,1.1213,-60.7006,-60.7006,-83.7757,-45.0658,1.1213
38,600687.SH,20091031,20090930,0.0402,0.0402,1.1942,1.1942,0.0518,0.3175,0.3021,13184961.1,-8089497.24,19083985.1,1.8872,0.5709,0.4334,8.3473,0.3591,6.427,0.2851,-6899985.25,8212258.55,,-3629469.2095,2370530.7905,191011262.74,0.0,102000000.0,25469396.32,204679769.06,196089742.56,149559138.88,334666453.54,78614031.57,0.0402,1.6713,0.26,0.6196,0.5619,0.0647,-0.0286,0.0187,3.1533,12.5939,87.4061,11.3492,3.1533,2.2421,8.6708,0.4363,0.1579,104.5534,3.2246,5.4194,2.4198,,-3.8417,1.5449,0.8989,1.5745,3.2264,2.0599,55.7397,2.2594,2.5245,79.3454,20.6546,38.9364,30.4781,63.369,75.4276,24.5724,0.1467,1.2594,0.7238,2.0792,0.6985,2.0067,8.0363,0.1107,642.2396,1.1985,0.9585,21250212.56,4.9831,4.4118,96.1733,1.1776,0.2677,0.5528,-139.3229,367.4419,367.4419,-31.58,139.5745,508.064,368.3796,-902.8062,-32.256,358.347,1.21,-2.1986,1.4371,-34.7814,-34.7814,-56.954,-38.0698,2.1889
39,600687.SH,20090731,20090630,0.0206,0.0206,1.0177,1.0177,0.0518,0.3175,0.2825,11266553.59,-8653830.08,12625827.62,1.8284,0.3988,0.3743,4.728,0.353,5.6124,0.273,-7757063.67,4492841.17,6242685.23,30844550.2752,-53155449.7248,166608367.24,0.0,12000000.0,-7363236.75,202174957.59,138024745.81,118661509.06,242083698.56,76131291.21,0.0206,1.6518,0.596,0.6,0.1105,0.0354,0.2431,-0.4189,1.7002,9.7771,90.2229,10.013,1.7002,1.8658,7.886,0.2613,0.5869,106.0069,3.118,3.4791,1.2481,1.25,-4.134,0.9497,0.4641,0.8366,2.4962,1.8994,43.7024,1.7763,2.26,74.5385,25.4615,49.4688,4.957,86.5784,93.2814,6.7186,0.3819,0.7763,1.1735,17.466,1.1319,16.8479,,0.3563,459.5181,0.9282,0.5523,93753143.6,3.2179,1.1849,111.9426,0.8454,-4.5373,0.3004,21.8739,119.1489,119.1489,13.31,133.5378,126.6757,119.734,-880.47,-4.5994,117.6805,0.24,-23.9636,0.2496,-28.3834,-28.3834,-13.5099,-47.3719,0.9434
40,600687.SH,20090421,20090331,0.0066,0.0066,0.3317,0.3317,0.0518,0.3175,0.2879,-33503.18,871386.06,11196176.34,1.4009,0.2489,0.2095,1.5916,0.1032,1.6258,0.0812,2638132.1,2752350.4,,-16011010.7804,-61011010.7804,216511765.19,781239.53,61000000.0,57916882.2,202015024.19,111248269.78,169165151.98,281631390.87,76812178.91,0.0066,1.6571,0.351,0.6054,-0.0172,0.0217,-0.1262,-0.4808,1.9773,26.5981,73.4019,13.9988,1.9773,3.2737,10.3431,0.382,-0.166,93.7327,6.2673,6.5386,0.3996,,0.4156,0.5311,0.1606,0.2912,1.5984,2.1244,55.7786,2.2613,2.4715,77.9196,22.0804,40.4901,21.6595,74.6625,99.7193,0.2807,0.1607,1.2613,0.7556,3.4471,0.7259,3.3117,3.488,0.1602,970.2525,0.6424,0.1617,99517730.37,6.1566,3.2737,93.7327,0.3996,0.4156,0.1606,105.9399,-23.2558,-23.2558,831.25,61.3349,58.6245,-23.0045,-20.0171,829.7252,-24.008,0.55,-7.1761,0.5752,-47.1697,-47.1697,-47.1697,-73.217,1.3205
41,600687.SH,20090330,20081231,0.022,0.022,3.8879,3.8879,0.0518,0.3175,0.2784,265691.23,2575607.81,75318672.94,1.3457,0.3768,0.1939,8.6426,0.8753,15.9243,0.7356,11597922.41,14389115.97,18352877.97,153252942.1493,-26707057.8507,211279838.5,781239.53,106000000.0,100731481.01,200547291.59,109696175.79,210427656.8,325434278.49,75609515.11,0.0224,1.6477,1.03,0.5959,-0.2421,0.1134,1.2078,-0.2105,0.6702,15.2673,84.7327,8.0786,0.6702,2.153,5.1425,0.7832,0.2884,97.6491,2.4101,2.9167,1.3686,1.37,1.2406,2.1457,0.493,0.9961,1.3686,2.1457,59.1747,2.4495,3.2301,79.4381,20.5619,37.3114,32.5719,64.2435,99.7544,0.2456,0.4102,1.4495,0.6573,1.9724,0.6305,1.892,1.9909,0.4092,347.1531,0.493,0.4237,99607643.18,2.3267,1.6267,96.3363,0.8418,0.7527,0.383,31.5312,-60.7143,-60.7143,642.1053,129.4515,5.7977,-60.1478,488.09,648.3015,-60.7032,1.42,-33.1249,1.4133,1.6481,1.6481,63.3296,3022.4473,1.4133
42,600687.SH,20081031,20080930,0.0086,0.0079,1.8311,1.8311,,0.3214,0.3142,80239.29,1007652.61,29155255.9,1.1954,0.2172,0.0922,4.0163,0.3459,6.7569,0.2971,2036163.17,4339161.33,,16571446.9024,-65428553.0976,350187523.91,,188000000.0,182472073.46,197384093.04,105171904.86,287643978.32,410025834.88,80643739.76,0.0086,1.6355,0.38,0.6355,-0.2848,0.0342,0.1306,-0.5156,0.3533,12.5481,87.4519,11.1207,0.3533,2.7441,7.0436,1.3331,-1.0619,99.1237,0.8778,1.8675,0.5259,,0.4872,0.5549,0.105,0.6257,0.7012,0.7399,70.7943,3.424,3.7805,84.6288,15.3712,25.9643,45.8508,50.6144,100.0,,0.0889,2.424,0.3856,1.1039,0.3668,1.0499,1.0817,0.0889,684.087,0.14,0.1391,104317140.3,0.5345,3.2968,99.3937,-0.0487,-0.0487,-0.0305,-36.1931,-84.6429,-85.8929,445.4545,-70.6973,-82.9037,-84.808,-85.4674,452.2736,-84.9304,0.61,-5.4144,0.6672,-28.6278,-28.6278,-54.8467,254.6278,0.8121
43,600687.SH,20080830,20080630,0.0094,0.0094,1.4211,1.4211,,0.3214,0.315,80239.29,1108799.93,18478317.02,1.1752,0.2891,0.2288,2.3409,0.2559,5.2416,0.2214,1720704.54,3934050.6,6038130.42,132743565.1685,81783565.1685,368214445.34,,235000000.0,177122996.35,197926905.59,105704020.23,282827016.58,457267705.78,80744887.08,0.0094,1.6363,0.53,0.6363,0.1731,0.031,1.0461,0.6445,0.5893,10.2477,89.7523,9.8361,0.5893,2.5846,6.0864,1.1651,-1.3641,99.0457,0.9562,2.1817,0.5747,0.57,0.5359,0.4829,0.1305,0.4731,1.1494,0.9658,73.0742,3.7139,3.9373,85.8793,14.1207,23.9771,51.3922,45.4074,100.0,,0.1106,2.7139,0.3442,0.8835,0.3281,0.8422,1.1175,0.1106,597.7268,0.261,0.146,104468561.06,1.0167,2.4933,99.915,0.0486,0.0093,0.0052,72.3506,-80.0,-80.0,365.0,-65.3918,-65.2793,-79.9811,-80.608,365.7951,-80.2698,0.714,2.7064,0.7163,-14.2619,-14.2619,-5.7665,-94.56,1.4632
44,600687.SH,20080429,20080331,0.0086,0.0086,0.6279,0.6279,,0.3214,0.3142,-1241.74,1089465.41,12579010.6,1.2836,0.4622,0.3034,0.9618,0.1078,2.2538,0.0943,1635190.23,3647256.61,,-39177905.1206,-13177905.1206,352380143.64,0.0,311960000.0,230635351.71,198126665.19,171938885.81,344574237.52,534183223.71,80644071.53,0.0086,1.6356,-0.048,0.6356,0.2094,0.0287,-0.3088,-0.1039,1.2779,15.7874,84.2126,12.8698,1.2779,2.6998,7.6429,2.527,-0.4393,97.9477,2.0523,4.5775,0.5261,,0.5267,0.4316,0.1205,0.4367,2.1044,1.7264,74.9343,3.9895,4.0859,87.7861,12.2139,22.3477,58.3994,38.8505,91.2695,8.7305,-0.0101,2.9895,0.3124,0.6653,0.2982,0.6351,0.859,-0.0092,697.1962,0.482,0.1288,96389788.56,2.0505,2.6998,97.9477,0.5261,0.5267,0.1205,-7.6698,2.38,2.38,81.54,35.2217,21.1014,2.44,12.1356,81.12,-0.01,0.55,11.08,0.53,-23.0268,-23.0268,-23.0268,191.9316,3.9017
45,600687.SH,20080409,20071231,0.063,0.063,3.8249,3.8249,0.0512,0.3175,0.256,6691628.95,1309326.06,51477097.57,1.3392,0.5703,0.3083,7.6495,0.7771,13.1074,0.6812,5181762.84,15254801.4,19729057.27,-60341539.4365,7818460.5635,294907054.66,2088345.12,285960000.0,234292915.41,191087751.67,177379290.0,353672205.41,506734860.79,72768216.07,0.0562,1.6247,-0.19,0.5735,0.0327,0.1202,-0.4755,0.0616,1.4819,10.6065,89.3935,7.0295,1.4819,2.3909,3.7309,0.9077,1.3878,98.9323,1.0677,3.1431,3.5243,3.952,0.6472,2.1411,1.0095,2.1559,3.5243,2.1411,72.5312,3.6405,3.5218,87.1245,12.8755,23.7751,56.4319,40.6834,89.6925,10.3075,-0.0454,2.6405,0.3536,0.7209,0.3278,0.6682,0.8156,-0.0407,326.4782,1.0095,1.0007,85926308.51,2.2355,1.4006,101.1131,-0.0152,-2.7302,0.0047,-6.3522,-14.86,-14.86,-161.29,-39.5524,22.33,-14.34,-85.54,-161.01,-0.83,4.03,28.489,4.03,70.0521,70.0521,83.7033,-189.8982,3.8869
46,600687.SH,20071024,20070930,0.056,0.056,2.5656,2.5656,0.0094,0.3195,0.2935,227242.94,6933725.44,34989833.61,1.5568,0.6139,0.2952,6.7443,0.5453,8.2853,0.4782,6960465.43,11178405.27,,-55276326.717,-26676326.717,272924706.87,0.0,246500000.0,194720688.75,197239072.94,230753249.66,320473938.41,467494668.46,77778536.84,0.0564,1.6224,-0.11,0.613,-0.1756,0.0881,-0.4356,-0.2102,2.1983,10.7481,89.2519,7.5875,2.1983,2.8769,3.5081,1.2025,0.4942,97.8619,2.1381,3.4338,3.5424,,3.43,1.6419,1.0512,2.4503,4.7232,2.1892,70.1528,3.3504,3.3678,87.1368,12.8632,26.6388,52.7279,44.0348,79.7853,20.2147,-0.0328,2.3504,0.3963,0.8351,0.3797,0.8002,1.0129,-0.0262,347.691,1.4016,1.0518,84131370.69,2.2312,2.5765,98.283,0.5951,0.5924,0.1658,9.9852,-28.11,-28.11,-160.25,-28.9633,-26.5936,-28.11,-0.3323,-160.25,-1.52,3.6,19.15,3.6,64.0678,64.0678,61.3546,-47.5544,-9.9338
47,600687.SH,20070831,20070630,0.047,0.047,1.6574,1.6574,0.0094,0.3195,0.2839,221759.73,5717821.75,23471532.1,1.6459,0.6466,0.2989,4.6681,0.3577,5.5211,0.317,4981890.86,8123606.35,9997503.68,-62444762.09,-21444762.09,227226192.68,0.0,258800000.0,206648340.48,195495022.77,246101620.15,347749960.63,478595574.45,76557149.94,0.0468,1.6127,-0.2,0.6033,-0.0487,0.064,-0.4921,-0.169,2.8326,11.1604,88.8396,8.1528,2.8326,3.0415,3.7591,1.3521,0.181,97.6312,2.3688,3.8627,2.9471,2.945,2.837,1.2243,0.8978,1.7854,5.8942,2.4486,68.8596,3.2113,3.2922,88.8507,11.1493,27.6975,54.0749,42.7583,78.3962,21.6038,-0.0659,2.2113,0.421,0.7907,0.4022,0.7554,0.946,-0.0516,352.6957,1.7956,0.8952,67061242.92,2.5105,2.567,96.4675,2.4122,2.3474,0.7181,6.8073,-16.07,-16.07,-247.12,-28.81,-26.78,-16.44,-16.98,-247.12,-0.72,2.99,13.59,2.99,65.5934,65.5934,92.1121,211.9763,-9.7183
48,600687.SH,20070430,20070331,0.0084,0.0084,0.8158,0.8158,0.0094,0.3195,0.2453,90715.05,971560.86,10914870.76,1.6556,0.68,0.2591,2.5141,0.179,2.7427,0.1611,1209266.34,3736440.54,,-62676628.8838,-53676628.8838,221148734.09,0.0,226800000.0,183060355.05,191523088.78,240687634.53,342947989.58,442939911.29,71657321.87,0.0084,1.5741,-0.26,0.5647,-0.1862,0.0294,-0.494,-0.423,1.0033,10.5444,89.4556,9.8434,1.0033,3.5311,4.006,2.3063,-0.6937,98.8318,1.1682,3.6096,0.5336,,0.488,0.5814,0.1616,0.6579,2.1344,2.3256,67.4532,3.0725,3.2279,91.5294,8.4706,28.84,51.2033,45.094,81.9622,18.0378,-0.0882,2.0725,0.4459,0.8807,0.4276,0.8445,1.0462,-0.0723,341.8165,0.6464,0.1653,45547459.46,1.3033,3.5311,98.8318,0.5336,0.488,0.1616,-31.2667,-42.26,-42.26,-418.83,-32.5621,-27.6915,-33.56,-50.5462,-464.66,0.22,0.53,6.87,0.53,44.95,44.95,44.95,198.6276,-10.6285
49,600687.SH,20080409,20061231,0.074,0.074,2.2492,2.2492,,0.3151,0.2489,284673.91,4954754.79,49902458.02,1.3798,0.6974,0.3035,6.768,0.5324,8.09,0.4529,7987828.62,14640502.86,18726201.5,3331147.4542,-44303446.5458,189755900.91,0.0,217800000.0,150333449.62,190313609.21,151077670.8,291611120.42,431430897.44,71554892.85,0.0736,1.5639,0.3066,0.5639,0.0499,0.1154,0.0263,-0.3492,2.9701,17.4849,82.5151,13.5425,2.9701,4.8723,6.4879,2.1824,-0.016,97.2012,3.0036,5.1297,4.4487,2.338,2.36,2.3232,1.3451,2.7631,4.4487,2.3232,65.6092,2.9078,3.0017,88.3524,11.6476,30.6371,50.4832,45.9966,97.5954,2.4046,0.0978,1.9078,0.4869,0.9111,0.467,0.8738,1.2659,0.0955,388.4495,1.3451,1.4821,46019510.73,3.1075,3.325,102.0815,-0.291,-0.9377,-0.2054,18.8004,-3.8961,,178.0948,-35.3731,-32.9184,9.8013,-41.8113,190.091,22.5334,-22.31,-2.8182,-10.3907,-16.9411,-16.9411,70.3257,-143.7886,-10.3907
50,600687.SH,20071024,20060930,0.079,0.079,1.5637,1.5637,0.0089,0.3323,0.4601,154788.06,6956844.03,39998926.82,1.3118,0.7944,0.3469,4.6546,0.3961,6.2303,0.3168,9798411.45,14915144.68,,14016139.13,-26618454.87,149819973.68,0.0,224800000.0,167980553.1,223940056.2,113756995.85,271937548.95,463806190.64,100550935.92,0.0785,1.8013,0.1778,0.7924,0.035,0.1175,0.1105,-0.2098,4.9112,20.1586,79.8414,13.874,4.9112,5.5506,5.7934,2.53,0.2824,95.0618,4.9382,7.5169,4.4271,,3.0918,2.381,1.5557,2.8105,5.9028,3.1747,61.0502,2.5674,2.7839,77.9916,22.0084,36.4945,48.4685,49.2805,97.384,2.616,0.0618,1.5674,0.6101,1.0168,0.5978,0.9962,1.3331,0.0602,361.3438,2.0743,1.5902,56054209.41,4.987,5.2889,96.0793,1.2536,0.863,0.4268,7.6972,,,30.9278,-26.0507,-24.6575,32.1368,-9.0728,51.038,27.4661,-10.5166,-4.0011,3.2113,-32.1749,-32.1749,-34.477,-46.2073,3.6643
51,600687.SH,20070831,20060630,0.045,0.056,1.0009,1.0009,0.0089,0.3323,0.4452,220565.27,4992565.46,28095804.01,1.2792,0.8246,0.3237,3.0555,0.2554,3.9554,0.204,6998380.09,10415138.71,12248251.29,22567866.8263,-22366727.1737,147830097.54,,220500000.0,174723037.26,222407317.49,102825251.79,277548289.05,457824462.51,98652434.56,0.056,1.7863,0.1344,0.7775,-0.0957,0.0821,0.1779,-0.1763,5.6243,22.1219,77.8781,14.4306,5.6243,5.6977,6.1751,2.5578,0.7295,94.4897,5.5103,8.2006,3.1723,2.327,2.2282,1.6733,1.1476,1.9854,6.3446,3.3466,60.8152,2.552,2.7779,77.7928,22.2072,36.7218,48.1626,49.5097,100.0,,0.0463,1.552,0.6154,1.028,0.6038,1.0086,1.2729,0.0463,363.4272,2.2952,1.1419,54867530.49,5.6777,7.3802,90.6366,2.4475,1.3453,0.8765,14.7189,-19.6429,,-13.1783,-39.3247,-37.6184,15.3029,-19.2369,0.1973,11.4599,-11.2618,-5.2482,2.354,-30.8079,-30.8079,-9.3003,190.2832,3.4479
52,600687.SH,20070430,20060331,0.0145,0.0145,0.6492,0.6492,0.1638,0.3833,0.4847,74477.45,1964582.44,12809841.91,1.2759,0.8839,0.4427,1.4628,0.136,2.2413,0.111,1793154.47,4800827.59,,-15955250.71,-16955250.71,148578417.23,,264434594.0,189419416.17,219191923.86,113959729.15,303379145.32,498618745.89,95478363.72,0.0145,2.0318,0.0807,0.868,0.0185,0.0436,-0.145,-0.1541,2.314,17.9377,82.0623,14.436,2.314,4.3881,5.938,4.11,,97.489,2.511,6.7226,0.7187,,0.8831,0.7464,0.2569,0.7874,2.8748,2.9856,63.8156,2.7636,2.8911,81.4238,18.5762,33.8679,53.0334,44.8225,100.0,,0.0215,1.7636,0.5411,0.8452,0.5307,0.8289,1.1572,0.0215,314.2638,1.0276,0.2486,38946504.72,2.6126,4.3881,97.489,0.7187,0.8831,0.2569,12.4282,,,120.7082,-70.0187,-68.659,-45.5051,-33.6708,120.7055,-47.361,0.9339,1.251,0.9208,-41.5899,-41.5899,-41.5899,12580.033,3.5257
53,600687.SH,20060412,20051231,0.077,,3.1238,3.1238,0.1638,0.3833,0.4661,-8777.48,8514983.27,67567194.77,1.2853,0.8746,0.4545,6.1925,0.7429,10.5993,0.6006,17300398.1,19434542.88,22953333.52,-21679152.5734,126255441.4266,47091366.32,,359990849.83,272288819.2,217149774.3,116158708.54,388447527.74,581445038.1,93439303.83,0.077,2.013,-0.3926,0.8494,0.0084,0.1767,-0.1971,1.1478,2.6895,19.6636,80.3364,11.271,2.6895,3.2007,6.2012,1.8692,,94.9835,3.8602,5.6559,3.9163,3.916,3.9203,3.3971,1.6154,1.7237,3.9163,3.3971,63.6861,2.7538,2.6339,81.8586,18.1414,33.9721,61.9131,38.0869,100.0,,-0.1061,1.8382,0.544,0.6152,0.5334,0.6032,0.7975,-0.1061,238.1078,1.6154,1.4869,35179086.98,3.8477,6.8833,97.9531,0.4379,0.391,0.1111,-113.8089,6.9444,,35.1074,9.8173,32.4677,7.3303,-9.73,35.1089,3.2077,3.9773,26.5798,3.9945,37.9823,37.9823,-47.3397,-99.4797,3.9945
54,600687.SH,20051021,20050930,,,2.6595,2.6595,0.1638,0.3623,0.4783,-112362.14,7651000.93,47661452.68,1.3509,0.9641,0.5289,5.1984,0.6467,8.9967,0.5277,16255025.39,18116928.12,23575574.14,-20965503.1576,24034496.8424,40645213.44,,331674350.94,257997650.42,217925726.57,130643454.6,388641105.02,552160972.21,92471736.83,0.069,2.0,0.1358,0.8407,0.2379,0.1647,-0.1906,0.2185,2.923,16.2919,83.7081,8.3855,2.923,2.5578,4.1243,1.7034,,94.4651,4.5292,6.1928,3.4786,,3.5304,3.2681,1.5425,1.5743,4.6381,4.3575,61.668,2.6088,2.558,83.3068,16.6932,36.0955,60.0684,39.9316,100.0,,0.0401,1.6886,0.5922,0.6648,0.5853,0.657,0.8447,0.0401,191.3083,2.0567,1.3599,34216423.08,4.4894,2.3544,97.5641,0.6252,0.6685,0.2323,-1.9184,,,215.1824,42.3456,44.0231,102.5105,29.2693,215.1224,91.4431,3.3058,19.5591,3.5401,92.4002,92.4002,145.3534,-51.0562,5.781
55,600687.SH,20050825,20050630,0.056,,1.6687,1.6687,0.1638,0.3623,0.4658,-17281.88,6181740.18,34428900.38,1.3368,1.01,0.5494,2.6662,0.4039,5.6056,0.3295,13537060.51,14165747.88,17803205.76,-22091765.4699,12908234.5301,50268157.44,,328988060.75,260235612.52,216501086.43,127735480.95,387971093.47,548100501.53,91097556.34,0.056,1.992,0.1548,0.8282,0.1931,0.1288,-0.2008,0.1173,3.8911,18.7569,81.2431,8.3321,3.8911,2.6786,4.1875,1.466,,92.625,6.2838,7.7175,2.8535,2.854,2.8615,2.5426,1.282,1.2928,5.707,5.0852,62.247,2.6488,2.5789,83.2122,16.7878,35.5342,60.0233,39.9767,100.0,,0.0449,1.7309,0.5777,0.666,0.5709,0.6581,0.8319,0.0449,207.9832,2.564,1.1065,34662532.27,6.2976,4.2028,89.3073,1.4853,1.4804,0.6555,97.712,86.6667,,175.3285,54.8486,57.4377,93.7331,90.0184,175.3003,83.8347,2.8926,20.6538,2.8948,70.5438,70.5438,50.015,-7.1507,5.3844
56,600687.SH,20050425,20050331,,,1.1115,1.1115,0.1638,0.3623,0.4365,-27852.27,2961867.32,19605623.29,1.5995,1.3168,0.8365,1.9402,0.3339,3.7403,0.2606,6983369.15,8019207.13,8784560.96,493602.6033,45493602.6033,10166237.21,,196493230.32,150052441.93,213220500.19,123900673.73,273953115.66,412375227.85,87867113.09,0.0267,1.963,-0.3897,0.7988,-0.0097,0.0729,0.0045,0.4136,3.0471,16.0358,83.9642,6.739,3.0471,1.9145,3.1347,1.6899,,94.2882,4.8919,6.5591,1.3684,,1.3814,1.7094,0.7941,0.7174,5.4736,6.8376,47.6985,1.912,2.1879,76.2956,23.7044,49.2128,47.6491,52.3509,100.0,,-0.2074,0.9573,1.0446,1.0987,1.0317,1.0851,1.421,-0.2074,119.6948,3.1764,0.6254,34027924.57,4.8691,1.9145,94.2882,1.3684,1.3814,0.7941,-35.06,,,-786.0915,76.8415,76.884,13.203,13.7476,-786.2459,8.8678,1.3946,-14.2019,1.3778,83.1053,83.1053,83.1053,115.9111,3.9821
